﻿<?xml version="1.0" encoding="utf-8"?>
<Window size="800,480" caption="0,0,0,90">
	<VerticalLayout bkimage="480px/BG.png">
		<HorizontalLayout height="45" inset="24,0,24,0" bkimage="480px/topbar_BG.png">
			<Control bkimage="480px/icon_45.png" width="45" height="45"/>
			<Control />
			<Button name="btnBack" height="45" width="45" normalimage="480px/home_back.png" pushedimage="480px/home_back_press.png"/>
		</HorizontalLayout>
		<HorizontalLayout>
			<Control />
			<VerticalLayout width="755">
				<Control />
				<VerticalLayout height="404" bkimage="480px/sele_path_BG.png" inset="50,0,50,0">
					<Label text="Settings" height="58" font="1" align="center" textcolor="#FFFFFFFF"/>
					<Control height="10"/>
					
					<VerticalLayout width="640" height="145">
						<HorizontalLayout width="640" height="50">
							<Label name="btnAdvanceMode" text="Power saving mode(experimental)" textcolor="#FFCCCCCC" font="1" height="50" width="550" align="left"/>
							<VerticalLayout >
								<Control height="1"/>
								<Option name="optAdvanceMode" width="48" height="48" normalimage="480px/check_box_off.png" selectedimage="480px/check_box_on.png" selected="false"/>
							</VerticalLayout>
						</HorizontalLayout>
						<Control height="10"/>
						<Label name="advanceText1" text="Turn on to significantly reduce the power consumption of the phone." textcolor="#FFCCCCCC" font="2" height="25" align="left"/>
						<Label name="advanceText2" text="Please turn off this option if your mobile phone works unstable." textcolor="#FFCCCCCC" font="2" height="25" align="left"/>
						<Label name="advanceText3" text="(Only supported by Android 4.3 and above)" textcolor="#FFCCCCCC" font="2" height="25" align="left"/>
					</VerticalLayout>
					
					<Control height="10"/>
					<Control height="1" bkcolor="#FFCCCCCC"/>
								
					<Control height="3"/>
					<HorizontalLayout name="lay2" height="45" >
						<Label name="lb2" text="About" align="left" textpadding="0,0,0,0"  textcolor="FFCCCCCC" font="0" pushedimage="480px/selected_BG.png"/>
					</HorizontalLayout>
					
				</VerticalLayout>
				<Control />
			</VerticalLayout>
			<Control />
		</HorizontalLayout>
	</VerticalLayout>
</Window>