﻿<?xml version="1.0" encoding="utf-8"?>
<Window size="800,480" caption="0,0,0,90">
		<Font name="文泉驿微米黑" size="26" /><!--Button-->
		<Font name="文泉驿微米黑" size="30" /><!--Button-->
		<Font name="文泉驿微米黑" size="20" /><!--Button-->
		<Font name="文泉驿微米黑" size="24" underline="true"/>
		<Font name="文泉驿微米黑" size="18" /><!--Button-->
		<Font name="文泉驿微米黑" size="22" /><!--Button-->
		<TabLayout name="switch" selectedid="0">
			<VerticalLayout bkimage="480px/BG2.png">
				<HorizontalLayout height="45" inset="24,0,24,0" bkimage="480px/topbar_BG.png">
					<Control bkimage="480px/icon_45.png" width="45" height="45"/>
					<Control />
					<Button name="btnBack" height="45" width="45" normalimage="480px/home_back.png" pushedimage="480px/home_back_press.png"/>
				</HorizontalLayout>
				
				<Control height="40"/>
				<Label name="lbNoRunTip" height="60" text="Please open the mobile client" textcolor="#FFFFFFFF" font="1" align="center"/>
				<Control height="40"/>
				<HorizontalLayout height="240" width="800">
					<Control />
					<VerticalLayout width="180">
						<Control name="imgQRcode" height="180" width="180" bkimage="common480/qrcode_android.png" />
					</VerticalLayout>
					<Control />
				</HorizontalLayout>
				<Label name="lbDownAndRunTip" text="It is recommended to use mobile browser to scan and download" textcolor="#FFCCCCCC" font="2" align="center"/>
			</VerticalLayout>
		</TabLayout>
	
</Window>