﻿<?xml version="1.0" encoding="utf-8"?>
<Window size="496,322" roundcorner="55,55" caption="0,0,0,90">
		<Font name="文泉驿微米黑" size="26" /><!--Button-->
		<Font name="文泉驿微米黑" size="30" /><!--Button-->
		<Font name="文泉驿微米黑" size="20" /><!--Button-->
		<Font name="文泉驿微米黑" size="24" underline="true"/>
		<Font name="文泉驿微米黑" size="18" /><!--Button-->
		<Font name="文泉驿微米黑" size="22" /><!--Button-->
			
		<VerticalLayout bkimage="autoconnect480/toast_box_BG.png">
			<Control height="10"/>
			<Label text="Enable automatic connection" height="40" font="1" align="center" textcolor="#FFFFFFFF"/>
			
			
			<Control height="15"/>
			<Label text="You will be enabled to automatically enter the connection interface." height="40" font="5" align="center" textcolor="#FF4a7f9b"/>
			
			<Control height="10"/>
			<HorizontalLayout width="496" height="40">
				<Control width="20"/>
				<Label text="Click to open now, you will skip the EasyConnected home page selection when you log in later." height="40" font="2" textcolor="#FFCCCCCC"/>
			</HorizontalLayout>
			
			<HorizontalLayout width="496" height="40">
				<Control width="20"/>
				<Label text="Go directly to the phone connection interface." height="40" font="2" textcolor="#FFCCCCCC"/>
			</HorizontalLayout>
			
			<Control height="5"/>
			<HorizontalLayout width="496" height="65">
				<Control width="37"/>
				<Button name="btnChoose" text="Open now" height="65" width="193" font="5" normalimage="autoconnect480/button_01.png" pushedimage="autoconnect480/button_press.png"/>
				<Control width="37"/>
				<Button name="btnUnChoose" text="Cancel" height="65" width="193" font="5" normalimage="autoconnect480/button_02.png" pushedimage="autoconnect480/button_press.png"/>
			</HorizontalLayout>
			
			<Control height="10"/>
			<Label text="You can turn this off in the Homepage - Settings" height="40" font="4" align="center" textcolor="#FFCCCCCC"/>
			
		</VerticalLayout>
	
</Window>