﻿<?xml version="1.0" encoding="utf-8"?>
<Window size="800,480">
	<HorizontalLayout name="UIDownloadTip" bkcolor="#FF023D5F" bkimage="480px/BG.png">
		<Control />
		
		<VerticalLayout width="700">
			<Control />
			
			<VerticalLayout width="700" height="440" bkimage="480px/sele_path_BG.png">
				<HorizontalLayout height="70">
					<Label name="lbTitle" text="亿连有新版本" textcolor="#FFFFFF" font="1" align="center" />
				</HorizontalLayout>
				
				<HorizontalLayout height="60">
					<Control width="220"/>
						<Label name="txtVerDesc" text="最新版本:" width="140" font="0" align="left" textcolor="#FF4a7f9b"/>
						<Label name="txtVersion" text="" width="140" textcolor="#FFFFFF" font="0" align="left" textcolor="#FF4a7f9b"/>
					<Control />
				</HorizontalLayout>
				
				<Control height="10" />
				<VerticalLayout name="vlDescription">
					<Text name="txtDescription" text="更新说明:" textpadding="60,2,2,15" font="2" textcolor="#FF4a7f9b" />
					<Text name="txtContent"  text="更新 Android 5.0 以上系统兼容性问题。更新 Android 5.0 以上系统兼容性问题。" textpadding="60,2,20,15" font="2" textcolor="#FF4a7f9b" />
					<Control />
				</VerticalLayout>

				<HorizontalLayout height="65">
					<Control />
					<Button name="btnInstall" text="安装" textcolor="#FFFFFFFF" height="65" width="193" normalimage="autoconnect480/button_01.png" pushedimage="autoconnect480/button_press.png" font="1" align="center"/>
					<Control width="100"/>
					<Button name="btnCancel" text="取消" textcolor="#FF363636" height="65" width="193" normalimage="autoconnect480/button_02.png" pushedimage="autoconnect480/button_press.png" font="1" align="center"/>
					<Control />
				</HorizontalLayout>
				
				<Text name="txtError" text="更新失败，请重试"  textpadding="0,10,0,0" font="4" textcolor="#FFFF0000" align="center"/>
			
				<HorizontalLayout height="48">
					<Control />
						<Text name="txtTip" text="立即下载将会消耗当前手机网络流量,进入wifi环境下会自动下载" width="350" textpadding="30,10,2,15" font="4" textcolor="#FF4a7f9b" height="48" />
					<Control />
				</HorizontalLayout>
				
			</VerticalLayout>
		
			<Control />
		</VerticalLayout>
		
		<Control />
	</HorizontalLayout>

</Window>