﻿<?xml version="1.0" encoding="utf-8"?>
<Window size="800,480" caption="0,0,0,90">
		<Font name="文泉驿微米黑" size="26" /><!--Button-->
		<Font name="文泉驿微米黑" size="30" /><!--Button-->
		<Font name="文泉驿微米黑" size="20" /><!--Button-->
		<Font name="文泉驿微米黑" size="24" underline="true"/>
		<Font name="文泉驿微米黑" size="18" /><!--Button-->
	<VerticalLayout bkimage="480px/BG.png">
		<HorizontalLayout height="45" inset="24,0,24,0" bkimage="480px/topbar_BG.png">
			<Control bkimage="480px/icon_45.png" width="45" height="45"/>
			<Control />
			<Button name="btnBack" height="45" width="45" normalimage="480px/home_back.png" pushedimage="480px/home_back_press.png"/>
		</HorizontalLayout>
		<HorizontalLayout>
			<Control />
			<VerticalLayout width="755">
				<Control />
				<VerticalLayout height="404" bkimage="480px/sele_path_BG.png" inset="50,0,50,0">
					<Label text="Settings" height="58" font="1" align="center" textcolor="#FFEEEEEE"/>
					<Control height="1"/>
					<HorizontalLayout name="lay1" height="48" >
						<Button name="lb3" text="Automatically enter the connection interface" width="540" align="left" textpadding="20,0,0,0" textcolor="FFCCCCCC" font="0" pushedimageA="480px/selected_BG.png"/>
						<Control width="60"/>
						<VerticalLayout >
								<Control height="1"/>
								<Option name="optAutoConnect" width="48" height="48" normalimage="480px/check_box_off.png" selectedimage="480px/check_box_on.png" selected="false"/>
						</VerticalLayout>
					</HorizontalLayout>
					<Control height="1"/>
					<Control height="1" bkcolor="#FFCCCCCC"/>
								
					<Control height="1"/>
					<HorizontalLayout name="lay2" height="45" >
						<Button name="lb2" text="About" align="left" textpadding="20,0,0,0"  textcolor="FFCCCCCC" font="0" pushedimage="480px/selected_BG.png"/>
					</HorizontalLayout>					
					<Control height="1"/>
							
					<!--HorizontalLayout name="lay3" height="45" >
						<Button name="lb3" text="卸载亿连" align="left" textpadding="20,0,0,0" textcolor="FFCCCCCC" font="0" pushedimage="480px/selected_BG.png"/>
					</HorizontalLayout>
					<Control height="3"/>
					<Control height="1" bkcolor="#FFCCCCCC"/-->
					
					<Control height="10"/>
					<Control />
				</VerticalLayout>
				<Control />
			</VerticalLayout>
			<Control />
		</HorizontalLayout>
	</VerticalLayout>
</Window>