<?xml version="1.0" encoding="utf-8"?>
<root>
		<SID_WELCOME_TEXT  text="Interligação maravilhosa e consecutiva"/>		
		<SID_BTN_RETRY text="Tente de novo"/>		
		<SID_BTN_EXIT text="Sair"/>	
		<SID_MAIN_TITLE text="Está conectando"/>		
		<SID_STEP1_TITLE text="1.Conectar ao celular"/>		
		<SID_STEP2_TITLE text="2.Instalar serviço de IE de celular" />		
		<SID_BTN_BACKDELETE text="Apagar"/>	
		<SID_BTN_COMPLETE text="Terminar"/>	
		<SID_APPLY_EASYCONN text="Easy Connected"/>
		<SID_APPLY_TITLE text="Ativação de software" />		
		<SID_APPLY_HARDWAREID_FORMAT text="ID de hardware:%s"  />		
		<SID_APPLY_INTERNET_FORMAT text="conexão de rede:normal" />
		<SID_APPLY_SUPLIER_FORMAT text="canal:%s"  />
		<SID_APPLY_LEFT_COUNT_FORMAT text="Número restante de autorização:%d"  />
		<SID_APPLY_APPLY text="Ativar"/>		
		<SID_APPLY_CANCEL text="Cancelar" />
		<SID_REGISTER_PHONENO text="número de celular:" />
		<SID_REGISTER_GET_VERIFYCODE text="Obter um código de ativação" />
		<SID_REGISTER_VERIFYCODE text="código de ativação:"  />
		<SID_ABOUT_TITLE text="Sobre Easy Connected" />
		<SID_ABOUT_TITLE_EX text="Sobre Easy Connected" /><!-- Sobre serviço de IE de celular -->
		<SID_ABOUT_TEXT1 text="     O software é aplicável ao terminal montado em marca OEM especificada, se ocorrer algum problema no uso em outros sistemas de terminal, a empresa não assume qualquer responsabilidade."/>
		<SID_ABOUT_TEXT2 text="     Não opere este software ao conduzir para evitar o risco. Caso contrário, acidentes ou outros problemas daí decorrentes, serão assumidos a plena responsabilidade pela sua própria, a empresa não assume responsabilidade."/>
		<SID_ABOUT_TEXT3 text="     Os direitos autorais de software e seus conteúdos relacionados são protegidos pela Lei de Direitos Autorais da PRC."/>
		<SID_ABOUT_RETURN text="Voltar"  />
		<SID_USER_PROTOCOL text="Termo de acordo do usuário" />
		<SID_CHECK_NO_DEVICES_TIP text="Entre em ajustes > abra a opção de desenvolvedor> abra a depuração USB> conecte cabo USB> permite a depuração USB"  />
		<SID_CHECK_NO_DEVICES  text="Por favor, entre em ajustes de celular> abra a opção de desenvolvedor> abra a depuração de USB> conecte o cabo USB" />
		<SID_CHECK_OFFLINE text="Por favor volte a ligar o celular" />
		<SID_CHECK_UNAUTHORIZED text="Por favor, permite a depuração de USB"  />
		<SID_PERMIT_INSTALL_SERVICES_TIP text="Por favor, permite a instalação de serviço de Internet de celular no celular"  />
		<SID_WELCOME_TITLE text="手机互联"  />
		<SID_PHONE_MUST_STEPS text="手机互联必要条件:"  />
		<SID_PHONE_CHECKING text="1.检测手机"  />
		<SID_PHONE_AUTHING text="2.授权验证"  />
		<SID_PHONE_INIT text="3.程序初始化"  />
		<SID_PHONE_CHECKING_EX text="检测手机中..."  />
		<SID_PHONE_AUTHING_EX text="授权验证中... "/>
		<SID_PHONE_INIT_EX text="程序初始化..." />
		<ERROR_EC_UNKNOWN text="Falha para inicializar, por favor tente novamente"  />
		<ERROR_INSTALL_ECSVR_APK_ERROR text="Falha para instalar o serviço de Internet de celular, por favor tente novamente" />
		<ERROR_INSTALL_EASYCONNRV_ERROR text="Falha para instalar o serviço interativo de tela dupla, por favor tente novamente"  />
		<ERROR_GET_SDK_VERSION_FRAILED text="Falha para obter a versão de sistema de celular, por favor tente novamente"  />
		<ERROR_NET_ERROR text="Anomalia de rede, por favor, mantenha a conexão de rede de celular e tente novamente"  />
		<ERROR_NET_ERROR_NODEVICE text="O celular está desligado, por favor volte a conectar o celular e tente novamente" />
		<ERROR_GET_DEVID text="Falha para obter o ID de hardware, contate o seu revendedor"  />
		<ERROR_NOTVALID_HARDWARDID text="Hardware ID inválido, contate o seu revendedor"  />
		<ERROR_NOTVALID_PHONEIMEI text="Número IMEI inválido de celular"  />
		<ERROR_NOT_KEEPONRECORD_IMEI text="Telefone não registrou, utilize o registado para ativar"  />
		<ERROR_NOTVALID_PHONE_NUM_OR_VCODE  text="O número de telefone ou código de verificação errado" />
		<ERROR_DOWNLOAD_LISNECE text="Falha para download certificado, mantenha a conexão de rede de celular e tente novamente" />
		<ERROR_TIME_LIMIT text="O pacote de software foi expirado, por favor contate o seu revendedor"  />		
		<ERROR_UNABLE_SAVE_LISENCE_FILE text="Falha para salvar o certificado" />	
		<ERROR_GET_VERIFYCODE text="Falha para obter o código de ativação" />
		<ERROR_INSTALL_ECSVR_APK_ERROR_25 text="0x04" />
		<ERROR_INSTALL_EASYCONNRV_ERROR_25 text="0x64" />
		<ERROR_GET_SDK_VERSION_FRAILED_25 text="0x03" />
		<ERROR_NO_DEVICE_25 text="0x11" />
		<ERROR_DEVICE_UNAUTHORIZED_25 text="0x14" />
		<ERROR_DEVICE_OFFLINE_25 text="0x12" />
		<SID_CONN_ERR_ERROCODE_TIP_25 text="Código de referência" />
		<SID_WELCOME_CONN_PHONE_25 text="Conectar ao dispositivo" />
		<SID_WELCOME_START_USB_DEBUG_25 text="Executar ajustes do USB" />
		<SID_WELCOME_CONN_USB_25 text="Conectar ao cabo USB" />
		<SID_WELCOME_CONN_BLUETOOTH_25 text="Connect Bluetooth to enable Smart Link audio" />
		<SID_WELCOME_CHECK_PHONE_25 text="Conectado" />
		<SID_HELP1_TITLE_25 text="Modo desenvolvedor" />
		<SID_HELP1_TEXT1_25 text="Entrar [configurações], Calicar [sobre dispositivo]" />
		<SID_HELP1_TEXT2_25 text="Clicar [Build number] 7 vezes Disponibilizar [Opções do desenvolvedor]" />
		<SID_NEXT_STEP_25 text="Próximo" />
		<SID_HELP2_TITLE_25 text="Ajustar USB" />
		<SID_HELP2_TEXT1_25 text="Entrar [Opções do desenvolvedor]" />
		<SID_HELP2_TEXT2_25 text="Checar [Ajustar USB]" />
		<SID_PRE_STEP_25 text="Anterior" />
		<SID_HELP3_TITLE_25 text="Checar dispositivo móvel" />
		<SID_HELP3_TEXT1_25 text="Checar [Sempre autorizar para este dispositivo] e clicar em [OK]" />
		<SID_CONNECTING_TEXT1_25 text="Manter seu dispositivo conectado e tela desbloqueada!" />
		<SID_CONNECTING_TEXT2_25 text="Favor autorizar a instalação do prompet no seu dispositivo móvel." />
		<SID_CONN_ERR_TITLE_25 text="Conexão falhada" />
		<SID_CONN_ERR_PLEASE_RETRY_25 text="Tentar novamente" />
		<SID_CONN_ERR_TIP1_25 text="1.Use um cabo ou porta USB diferente" />
		<SID_CONN_ERR_TIP2_25 text="2.Reiniciar seu dispositivo móvel" />
		<SID_CONN_ERR_TIP3_25 text="3.Checar [Lista de compatibilidade]" />
		<SID_CONN_ERR_VIEW_HELP_25 text="Ajuda" />
		<SID_EXIT_TITLE_25 text="Cuidado" />
		<SID_PERSONAL_ERROR_REG text="Ativação falhou,%s" />
		<SID_PERSONAL_ERROR_PHONE_NUM text="Insira um número de telemóvel." />
		<SID_PERSONAL_REG_NUM_SEND_SUCCESS text="Enviado o código de ativação, cheque no telemóvel." />
		<SID_PERSONAL_ERROR_REG_NUM text="Insira o código de 6 números" />
		<SID_PERSONAL_REG_SUCCESS text=" Cadastro sucedido." />
		<SID_SELECT_CONNECT_TYPE text="Conecte SEU celular" />
		<SID_ANDROID_USB text="Android USB" />
		
		<SID_IOS_CONNECT_HOTSPOT text="1.Conecte o ponto de acesso" />
		<SID_IOS_OPEN_MOB_AIRPLAY text="2.Ativa AirPlay" />
		<SID_IOS_STEP1_TEXT text="Entre na definição>Hotspot Pessoal> abre Hotspot Pessoal" />
		<SID_IOS_STEP1_ERROR text="O emparelhamento falhou ou não encontrado iPhone, tente novamente ligar o iPhone" />
		<SID_IOS_STEP2_TEXT text="Abra a barra de controle via deslize para cima na tela > Clique AirPlay > Selecione EC-Mirror > Abra imagem de espelho" />
		<SID_IOS_COVER1_TITLE text="digitalizar o código para baixar o APP" />
		<SID_IOS_COVER1_TIP text="Já instalado, não vai avisar" />
		<SID_IOS_COVER2_TITLE text="O aplicativo não é iniciado" />
		<SID_IOS_COVER2_TIP text="digitalizar o código para baixar e iniciar" />
		<SID_IOS_ACTIVE_TIP text="Por favor use Android para ativar Easy Connected (Atualmente não há suporte de ativação de IOS)." />
		<SID_IOS_UNSURPORT_MOV text="Não há suporte deste formato de Arquivo" />
		<SID_IOS_MESSAGEBOX_OK text="Confirmar" />
		
		<SID_UPDATE_NEW_VERSION text="Versão mais recente:" />
		<SID_UPDATE_CHANGELOG text="Instrução de atual.:" />
		<SID_UPDATE_BTN_INSTALL text="Instalar" />
		<SID_UPDATE_TITLE text="Easy Connected tem nova versão" />
		<SID_UPDATE_FAIL_TIP text="Instalação falha, verifique a rede e tente novamente" />
		<SID_UPDATE_OK_TIP text="A instalação concluída, reinicie o software manuelmente" />
		<SID_UPDATE_WAITING_TIP text="Instalando, por favor espere" />
		<SID_UPDATE_BTN_UPDATE text="Renovação" />
		<SID_UPDATE_ERROR_TIP text="A actualização falhou, por favor tente novamente" />
		<SID_SD_PATH text="Caminho do cartão SD:" />
		<SID_UPDATE_DOWNLOAD_TIP text="Pacote de instalação do cliente móvel será atualizado no ambiente de tráfego de dados ou rede Wi-Fi" />
</root>