<?xml version="1.0" encoding="utf-8"?>
<root>
		<SID_WELCOME_TEXT  text="Karşılıklı bağlantının keyfini yaşayın"/>		
		<SID_BTN_RETRY text="Tekrar Dene"/>		
		<SID_BTN_EXIT text="Çıkış"/>	
		<SID_MAIN_TITLE text="Bağlanıyor"/>		
		<SID_STEP1_TITLE text="1. Telefon ile bağlan"/>		
		<SID_STEP2_TITLE text="2. Bağlantı servisini kurun" />		
		<SID_BTN_BACKDELETE text="Sil"/>	
		<SID_BTN_COMPLETE text="Bitir"/>	
		<SID_APPLY_EASYCONN text="Easy Connected"/>
		<SID_APPLY_TITLE text="Yazılım Aktivasyonu" />		
		<SID_APPLY_HARDWAREID_FORMAT text="Donanım ID:%s"  />		
		<SID_APPLY_INTERNET_FORMAT text="İnternet Bağlantısı:正常" />
		<SID_APPLY_SUPLIER_FORMAT text="Kanal:%s"  />
		<SID_APPLY_LEFT_COUNT_FORMAT text="Kalan Yetki:%d"  />
		<SID_APPLY_APPLY text="Aktif"/>		
		<SID_APPLY_CANCEL text="İptal" />
		<SID_REGISTER_PHONENO text="Telefon Nu.:" />
		<SID_REGISTER_GET_VERIFYCODE text="Aktivasyon Kodu al" />
		<SID_REGISTER_VERIFYCODE text="Aktivasyon Kodu:"  />
		<SID_ABOUT_TITLE text="Easy Connected hakkında" />
		<SID_ABOUT_TITLE_EX text="Easy Connected hakkında" />
		<SID_ABOUT_TEXT1 text="　　Bu yazılım OEM ürünlerinin araçlara bağlanmasını sağlar. Diğer bağlantı sistemlerinde karşılaştığınız sıkıntılardan şirketimiz mesul değildir."/>
		<SID_ABOUT_TEXT2 text="　　Bu yazılım OEM ürünlerinin araçlara bağlanmasını sağlar. Diğer bağlantı sistemlerinde karşılaştığınız sıkıntılardan şirketimiz mesul değildir."/>
		<SID_ABOUT_TEXT3 text="　　本软件使用的苹果、iPhone、Airplay、iOS文字和图案是苹果公司的注册商标和商标，受法律保护。" />
		<SID_ABOUT_TEXT4 text="　　本软件中使用的安卓、Android文字和图案是谷歌公司的注册商标和商标，受法律保护。"/>
		<SID_ABOUT_TEXT5 text="　　Bu yazılımın ve ilişkili içeriklerin telif hakları Çin Halk Cumhuriyeti telif hakları kanunları tarafından korunur."/>
		<SID_USER_STATEMENT text="声明"  />
		<SID_ABOUT_RETURN text="Geri"  />
		<SID_USER_PROTOCOL text="Kullanıcı Anlaşması" />
		<SID_CHECK_NO_DEVICES_TIP text="Telefon ayarları'ndan > Geliştirici Seçenekleri'ne girip > USB Ayarları'nı açtıktan sonra > USB Kablosu ile bağlan seçeneği ile > USB Ayarlarına izin ver'i seçiniz"  />
		<SID_CHECK_NO_DEVICES  text="Telefon ayarları'ndan > Geliştirici Seçenekleri'ne girip > USB Ayarları'nı açtıktan sonra > USB Kablosu ile bağlan seçeneği ile > USB Ayarlarına izin ver'i seçiniz" />
		<SID_CHECK_OFFLINE text="Telefonu tekrar bağlayın" />
		<SID_CHECK_UNAUTHORIZED text="USB ayarlamaları izni verin"  />
		<SID_PERMIT_INSTALL_SERVICES_TIP text="Easy Connected servis sağlayıcısına izin verin"  />
		<SID_WELCOME_TITLE text="Easy Connected"  />
		<SID_PHONE_MUST_STEPS text="Easy Connected Koşulları:"  />
		<SID_PHONE_CHECKING text="1.Telefon Testi"  />
		<SID_PHONE_AUTHING text="2.Sertifika İzinleri"  />
		<SID_PHONE_INIT text="3.程序初始化"  />
		<SID_PHONE_CHECKING_EX text="检测手机中..."  />
		<SID_PHONE_AUTHING_EX text="授权验证中... "/>
		<SID_PHONE_INIT_EX text="程序初始化..." />
		<ERROR_EC_UNKNOWN text="Biçimlendirme başarısız, tekrar deneyin"  />
		<ERROR_INSTALL_ECSVR_APK_ERROR text="Servis sağlayıcı yüklenemedi, tekrar deneyin" />
		<ERROR_INSTALL_EASYCONNRV_ERROR text="Görüntü hizmeti yüklenemedi, tekrar deneyin"  />
		<ERROR_GET_SDK_VERSION_FRAILED text="Sürüm Versiyonu alınamadı, tekrar deneyin"  />
		<ERROR_NET_ERROR text="Bağlantı hatası. Telefonunuzun internet bağlantısını kontrol edin"  />
		<ERROR_NET_ERROR_NODEVICE text="Telefon bağlantısı kesildi. Bağlantı kurduktan sonra tekrar deneyin" />
		<ERROR_GET_DEVID text="Donanım ID alınamadı, tedarikçiniz ile iletişime geçin"  />
		<ERROR_NOTVALID_HARDWARDID text="Donanım ID hatası. Tedarikçiniz ile iletişime geçin"  />
		<ERROR_NOTVALID_PHONEIMEI text="IMEI Nu. Hatası"  />
		<ERROR_NOT_KEEPONRECORD_IMEI text="Telefon kayıt edilemedi. Telefon kayıt aktivasyonunu kullanın"  />
		<ERROR_NOTVALID_PHONE_NUM_OR_VCODE  text="Telefon numarası ya da Aktivasyon Kodu hatası" />
		<ERROR_DOWNLOAD_LISNECE text="Sertifika indirme hatası. Telefonunuzun internet bağlantısını kontrol edin" />
		<ERROR_TIME_LIMIT text="Donanım Paketi güncel değil. Tedarikçiniz ile görüşün"  />		
		<ERROR_UNABLE_SAVE_LISENCE_FILE text="Sertifika kayıt hatası" />	
		<ERROR_GET_VERIFYCODE text="Aktivasyon Kodu alımı hatası" />
		<ERROR_INSTALL_ECSVR_APK_ERROR_25 text="0x04" />
		<ERROR_INSTALL_EASYCONNRV_ERROR_25 text="0x64" />
		<ERROR_GET_SDK_VERSION_FRAILED_25 text="0x03" />
		<ERROR_NO_DEVICE_25 text="0x11" />
		<ERROR_DEVICE_UNAUTHORIZED_25 text="0x14" />
		<ERROR_DEVICE_OFFLINE_25 text="0x12" />
		<SID_CONN_ERR_ERROCODE_TIP_25 text="Kod Tanımla" />
		<SID_WELCOME_CONN_PHONE_25 text="Telefonu Bağla" />
		<SID_WELCOME_START_USB_DEBUG_25 text="Telefon USB Ayarlarını aç" />
		<SID_WELCOME_CONN_USB_25 text="USB kablosunu bağla" />
		<SID_WELCOME_CONN_BLUETOOTH_25 text="Bluetooth bağladıktan sonra ses aracınıza gönderilir" />
		<SID_WELCOME_CHECK_PHONE_25 text="Android Testi" />
		<SID_HELP1_TITLE_25 text="Geliştirici Seçeneklerini aç" />
		<SID_HELP1_TEXT1_25 text="Ayarlara gir" />
		<SID_HELP1_TEXT2_25 text="Sistem Sürüm Koduna 7 defa dokunulduğunda geliştirici seçeneği açılrı (İç Sürüm Kodu)" />
		<SID_NEXT_STEP_25 text="Sonraki" />
		<SID_HELP2_TITLE_25 text="USB Ayarlarını aç" />
		<SID_HELP2_TEXT1_25 text="Geliştirici Seçeneklerine gir" />
		<SID_HELP2_TEXT2_25 text="Geliştirici seçeneklerine girip USB ayarlarını kontrol edin" />
		<SID_PRE_STEP_25 text="Önceki" />
		<SID_HELP3_TITLE_25 text="Telefon İşlemi" />
		<SID_HELP3_TEXT1_25 text="Bilgisayara ilk defa bağlanıldığında bağlantı iznini onaylayın" />
		<SID_CONNECTING_TEXT1_25 text="Telefonunuz bağlı tutun ve ekran kilitlemeyi iptal edin" />
		<SID_CONNECTING_TEXT2_25 text="İpuçlarını takip ederek işlem yapın" />
		<SID_CONN_ERR_TITLE_25 text="Bağlantı sağlanamadı" />
		<SID_CONN_ERR_PLEASE_RETRY_25 text="Tekrar Dene" />
		<SID_CONN_ERR_TIP1_25 text="1.USB Kablusunu Araç USB Arayüzü olarak değiştir" />
		<SID_CONN_ERR_TIP2_25 text="2.USB kablosunu çıkarın ya da telefonunuzu tekrar başlatın" />
		<SID_CONN_ERR_TIP3_25 text="3.Easy Connected Uyumluluk Listesi"ne göz at" />
		<SID_CONN_ERR_VIEW_HELP_25 text="Yardım" />
		<SID_EXIT_TITLE_25 text="İpucu" />
		<SID_PERSONAL_ERROR_REG text="Aktivasyon Başarısız,%s" />
		<SID_PERSONAL_ERROR_PHONE_NUM text="Geçerli bir telefon numarası giriniz" />
		<SID_PERSONAL_REG_NUM_SEND_SUCCESS text="Aktivasyon kodu telefonunuza gönderildi. Lütfen kontrol ediniz。" />
		<SID_PERSONAL_ERROR_REG_NUM text="6 haneli Aktivasyon Kodunu giriniz" />
		<SID_PERSONAL_REG_SUCCESS text="Kayıt başarılı" />
		
		<SID_SELECT_CONNECT_TYPE text="Please select a connection" />
		<SID_ANDROID_USB text="Android USB" />
		
		<SID_IOS_CONNECT_HOTSPOT text="1. Hotspot'a Bağlan" />
		<SID_IOS_OPEN_MOB_AIRPLAY text="2. Cep Telefonunda Air Play Aç" />
		<SID_IOS_STEP1_TEXT text="Cep Telefonu Ayarlarına Girin > Kişisel Hot Spot'u Açın > Kişisel Hot Spot'u Açın" />
		<SID_IOS_STEP1_ERROR text="Başarısız Eşleşme veya iphone cep telefonu bulunamadı, tekrar deneyin iphone cep telefonu çekin lütfen" />
		<SID_IOS_STEP2_TEXT text="Cep Telefonundan Kontrol Kısmını Kullan > Air Play'e Bas> EC-Mirror Seç > Mirror Image Kullan" />
		<SID_IOS_COVER1_TITLE text="Telefon tarama kod istemci indirmek için" />
		<SID_IOS_COVER1_TIP text="已安装不再提示" />
		<SID_IOS_COVER2_TITLE text="手机客户端未运行" />
		<SID_IOS_COVER2_TIP text="请扫码下载并开启" />
		<SID_IOS_ACTIVE_TIP text="Hatta milyar (şu anda Apple telefon aktivasyonu desteklemez) araba etkinleştirmek için Android telefonlar kullanın." />
		<SID_IOS_UNSURPORT_MOV text="Dosya biçimi desteklenmiyor" />
		<SID_IOS_MESSAGEBOX_OK text="确认" />
		
		<SID_UPDATE_NEW_VERSION text="En son sürüm:" />
		<SID_UPDATE_CHANGELOG text="Sürüm Notları:" />
		<SID_UPDATE_BTN_INSTALL text="kurmak" />
		<SID_UPDATE_TITLE text="Hatta milyar yeni sürümü" />
		<SID_UPDATE_FAIL_TIP text="Kurulum ağını kontrol edin ve tekrar deneyin başarısız" />
		<SID_UPDATE_OK_TIP text="Kurulum tamamlandığında, yazılımı manuel yeniden" />
		<SID_UPDATE_WAITING_TIP text="Montaj, lütfen bekleyin..." />
		<SID_UPDATE_BTN_UPDATE text="güncelleştirme" />
		<SID_UPDATE_ERROR_TIP text="Güncelleme başarısız oldu, lütfen tekrar deneyin" />
		<SID_SD_PATH text="SD kart yolu:" />
		<SID_UPDATE_DOWNLOAD_TIP text="Mobil istemci yükleme paketi veri trafiği veya WIFI ağ ortamında güncellenecektir" />
</root>