<?xml version="1.0" encoding="utf-8"?>
<root>
		<SID_WELCOME_TEXT  text="Collegamento magnifico Interesse Consecutivo"/>		
		<SID_BTN_RETRY text="Riprova"/>		
		<SID_BTN_EXIT text="Esce"/>	
		<SID_MAIN_TITLE text=" In connessione"/>		
		<SID_STEP1_TITLE text="1.Collega il cellulare"/>		
		<SID_STEP2_TITLE text="2.Imposta il servizio di collegamento cellulare" />		
		<SID_BTN_BACKDELETE text="Backspace"/>	
		<SID_BTN_COMPLETE text="Finito"/>	
		<SID_APPLY_EASYCONN text="Yealink"/>
		<SID_APPLY_TITLE text="Software attivato" />		
		<SID_APPLY_HARDWAREID_FORMAT text="Hardware ID:%s"  />		
		<SID_APPLY_INTERNET_FORMAT text="Connessione dell'Internet:Normale" />
		<SID_APPLY_SUPLIER_FORMAT text="Canale:%s"  />
		<SID_APPLY_LEFT_COUNT_FORMAT text="Numero residuo autorizzazione:%d"  />
		<SID_APPLY_APPLY text="Attiva"/>		
		<SID_APPLY_CANCEL text="Cancella" />
		<SID_REGISTER_PHONENO text="Numero cellulare:" />
		<SID_REGISTER_GET_VERIFYCODE text="Ottiene il codice d'attivazione" />
		<SID_REGISTER_VERIFYCODE text="Codice d'attivazione:"  />
		<SID_ABOUT_TITLE text="Su Easy Connected" />
		<SID_ABOUT_TITLE_EX text="Su Easy Connected" /><!-- Sul collegamento del cellulare -->
		<SID_ABOUT_TEXT1 text="　　Questo software è applicabile al terminale auto di marchio OEM, per qualsiasi problema del software sugli altri sistemi terminali, la Ns. Azienda non assume nessuna responsabilità."/>
		<SID_ABOUT_TEXT2 text="　　Non opera su questo software nella guida per evitare il pericolo. Altrimenti, per l'incidente traffico o un altro incidente, la responsabilità spetta all'utente, la Ns. Azienda non assume nessuna responsabilità."/>
		<SID_ABOUT_TEXT3 text="　　Il copyright di questo software ed il contenuto è tutelato del Codice del Diritto d'Autore della Repubblica Popolare Cinese."/>
		<SID_ABOUT_RETURN text="Ritorna"  />
		<SID_USER_PROTOCOL text="Contratto dell'utente" />
		<SID_CHECK_NO_DEVICES_TIP text="Entra nell'impostazione cellulare > Accende l'opzione sviluppatore > Attiva l'aggiustamento USB >  Permette l'aggiustamento USB"  />
		<SID_CHECK_NO_DEVICES  text="Entra nell'impostazione cellulare > Accende l'opzione sviluppatore > Attiva l'aggiustamento USB >  Permette l'aggiustamento USB" />
		<SID_CHECK_OFFLINE text="Richiama il cellulare" />
		<SID_CHECK_UNAUTHORIZED text="Permette l'aggiustamento USB."  />
		<SID_PERMIT_INSTALL_SERVICES_TIP text="Imposta il servizio di collegamento cellulare"  />
		<SID_WELCOME_TITLE text="手机互联"  />
		<SID_PHONE_MUST_STEPS text="手机互联必要条件:"  />
		<SID_PHONE_CHECKING text="1.检测手机"  />
		<SID_PHONE_AUTHING text="2.授权验证"  />
		<SID_PHONE_INIT text="3.程序初始化"  />
		<SID_PHONE_CHECKING_EX text="检测手机中..."  />
		<SID_PHONE_AUTHING_EX text="授权验证中... "/>
		<SID_PHONE_INIT_EX text="程序初始化..." />
		<ERROR_EC_UNKNOWN text="Inizializzazione fallita, riprova"  />
		<ERROR_INSTALL_ECSVR_APK_ERROR text="Impostazione del servizio collegamento cellulare fallita, riprova" />
		<ERROR_INSTALL_EASYCONNRV_ERROR text="Impostazione del servizio interazione a doppio schermo fallita, riprova"  />
		<ERROR_GET_SDK_VERSION_FRAILED text="Ottenimento della versione sistema cellulare fallita, riprova"  />
		<ERROR_NET_ERROR text="Rete anormale, mantiene la rete cellulare liscia e riprova"  />
		<ERROR_NET_ERROR_NODEVICE text="Scollegata la connessione del cellular, ricollega il cellulare e riprova" />
		<ERROR_GET_DEVID text=" Ottenimento fallito dal ID hardware auto, contatta il distributore."  />
		<ERROR_NOTVALID_HARDWARDID text=" ID hardware invalido, contatta il distributore!"  />
		<ERROR_NOTVALID_PHONEIMEI text="Numero IMEI cellulare invalido"  />
		<ERROR_NOT_KEEPONRECORD_IMEI text="Cellulare non depositato, usa il cellulare depositato per attivazione"  />
		<ERROR_NOTVALID_PHONE_NUM_OR_VCODE  text=" Codice di verifica o numero cellulare errato" />
		<ERROR_DOWNLOAD_LISNECE text="Scarico certificato fallito, mantiene la rete cellulare liscia e riprova" />
		<ERROR_TIME_LIMIT text="Pacchetto software già scaduto, contatta il distributore!"  />		
		<ERROR_UNABLE_SAVE_LISENCE_FILE text="Conservazione del certificato fallita." />	
		<ERROR_GET_VERIFYCODE text="Ottenimento del codice d'attivazione fallito" />
		<ERROR_INSTALL_ECSVR_APK_ERROR_25 text="0x04" />
		<ERROR_INSTALL_EASYCONNRV_ERROR_25 text="0x64" />
		<ERROR_GET_SDK_VERSION_FRAILED_25 text="0x03" />
		<ERROR_NO_DEVICE_25 text="0x11" />
		<ERROR_DEVICE_UNAUTHORIZED_25 text="0x14" />
		<ERROR_DEVICE_OFFLINE_25 text="0x12" />
		<SID_CONN_ERR_ERROCODE_TIP_25 text="Codice di riferimento" />
		<SID_WELCOME_CONN_PHONE_25 text="Connettersi al telefono" />
		<SID_WELCOME_START_USB_DEBUG_25 text="Accendi USB debug" />
		<SID_WELCOME_CONN_USB_25 text="Connettere il cavo USB" />
		<SID_WELCOME_CONN_BLUETOOTH_25 text="Connect Bluetooth to enable Smart Link audio" />
		<SID_WELCOME_CHECK_PHONE_25 text="Ricerca" />
		<SID_HELP1_TITLE_25 text="Opzioni del costruttore" />
		<SID_HELP1_TEXT1_25 text="Immettere [Impostazioni], toccare [Info sul telefono]" />
		<SID_HELP1_TEXT2_25 text="Toccare (fare il numero) 7 volte abilita (Opzioni del costruttore)" />
		<SID_NEXT_STEP_25 text="Prossimo" />
		<SID_HELP2_TITLE_25 text="USB Debugging" />
		<SID_HELP2_TEXT1_25 text="Inserire [Opzioni del costruttore]" />
		<SID_HELP2_TEXT2_25 text="Controllo [USB debugging]" />
		<SID_PRE_STEP_25 text="Precedente" />
		<SID_HELP3_TITLE_25 text="Controllare il telefono" />
		<SID_HELP3_TEXT1_25 text="Controllare [Consenti sempre] fare click su [OK]" />
		<SID_CONNECTING_TEXT1_25 text="Mantenere il telefono connesso e lo schermo non bloccato." />
		<SID_CONNECTING_TEXT2_25 text="Si prega di consentire l'installazione sul telefono." />
		<SID_CONN_ERR_TITLE_25 text="Connessione fallita" />
		<SID_CONN_ERR_PLEASE_RETRY_25 text="Pregasi provare" />
		<SID_CONN_ERR_TIP1_25 text="1.Usare un cavo USB o una diffrente porta" />
		<SID_CONN_ERR_TIP2_25 text="2.Riavviare il telefono" />
		<SID_CONN_ERR_TIP3_25 text="3.Check [Phone Compatibility List]" />
		<SID_CONN_ERR_VIEW_HELP_25 text="Aiuto" />
		<SID_EXIT_TITLE_25 text="Attenzione" />
		<SID_PERSONAL_ERROR_REG text="Errore di attivazione,% s" />
		<SID_PERSONAL_ERROR_PHONE_NUM text="Inserire un numero di telefono." />
		<SID_PERSONAL_REG_NUM_SEND_SUCCESS text="Il codice di attivazione inviato con successo." />
		<SID_PERSONAL_ERROR_REG_NUM text="Inserire un codice di attivazione 6 bit" />
		<SID_PERSONAL_REG_SUCCESS text="Registrato." />
		
		<SID_SELECT_CONNECT_TYPE text="Collegare il telefono" />
		<SID_ANDROID_USB text="Android USB" />
		
		
		<SID_IOS_CONNECT_HOTSPOT text="1.Collega il hotpoint" />
		<SID_IOS_OPEN_MOB_AIRPLAY text="2.Attiva lì\'Airplay del cellulare" />
		<SID_IOS_STEP1_TEXT text="Impostazioni telefono> Hotspot Personale> Hotspot Personale" />
		<SID_IOS_STEP1_ERROR text="Abb. fallito o iPhone non trovato, disconnettere e ricon. di nuovo" />
		<SID_IOS_STEP2_TEXT text="Slitta lo schermo per attivare la colonna di controllo > Clicca AirPlay > Sceglie EC-Mirror > Accende l\'immagine" />
		<SID_IOS_COVER1_TITLE text="Fare la scansione del codice per scaricare l'App" />
		<SID_IOS_COVER1_TIP text="Già installato, non viene indicato di più." />
		<SID_IOS_COVER2_TITLE text="L'applicazione non è avviato" />
		<SID_IOS_COVER2_TIP text="Fare la scansione, scaricare e avviare" />
		<SID_IOS_ACTIVE_TIP text="Attivare Easy Connected mediante cell. Android (non possibile att. Mediante iPhone)." />
		<SID_IOS_UNSURPORT_MOV text="Formato non supportato" />
		<SID_IOS_MESSAGEBOX_OK text="Conferma" />
		
		<SID_UPDATE_NEW_VERSION text="Versione ultima:" />
		<SID_UPDATE_CHANGELOG text="Aggiornamento:" />
		<SID_UPDATE_BTN_INSTALL text="Installa" />
		<SID_UPDATE_TITLE text="Nuovo Agg." />
		<SID_UPDATE_FAIL_TIP text="Install. fallita, control. Rete ripro." />
		<SID_UPDATE_OK_TIP text="Install completata, riavviare." />
		<SID_UPDATE_WAITING_TIP text="Install in cor. un mom..." />
		<SID_UPDATE_BTN_UPDATE text="Agg." />
		<SID_UPDATE_ERROR_TIP text="Aggiornamento non riuscito, riprova" />
		<SID_SD_PATH text="Percorso scheda SD:" />
		<SID_UPDATE_DOWNLOAD_TIP text="Cellulare pacchetto di installazione client verrà aggiornato nell'ambiente traffico di dati o di rete Wi-Fi" />
</root>