<?xml version="1.0" encoding="utf-8"?>
<root>
		<SID_WELCOME_TEXT  text="精彩互联 乐趣连连"/>		
		<SID_BTN_RETRY text="重试"/>		
		<SID_BTN_EXIT text="退出"/>	
		<SID_MAIN_TITLE text="正在连接"/>		
		<SID_STEP1_TITLE text="1.连接手机"/>		
		<SID_STEP2_TITLE text="2.安装手机互联服务" />		
		<SID_BTN_BACKDELETE text="回删"/>	
		<SID_BTN_COMPLETE text="完成"/>	
		<SID_APPLY_EASYCONN text="亿连"/>
		<SID_APPLY_TITLE text="软件激活" />		
		<SID_APPLY_HARDWAREID_FORMAT text="硬件ID:%s"  />		
		<SID_APPLY_INTERNET_FORMAT text="网络连接:正常" />
		<SID_APPLY_SUPLIER_FORMAT text="渠道:%s"  />
		<SID_APPLY_LEFT_COUNT_FORMAT text="授权剩余数量:%d"  />
		<SID_APPLY_APPLY text="激活"/>		
		<SID_APPLY_CANCEL text="取消" />
		<SID_REGISTER_PHONENO text="手机号:" />
		<SID_REGISTER_GET_VERIFYCODE text="获取激活码" />
		<SID_REGISTER_VERIFYCODE text="激活码:"  />
		<SID_ABOUT_TITLE text="关于亿连" />
		<SID_ABOUT_TITLE_EX text="关于亿连" />
		<SID_ABOUT_TEXT1 text="　　本软件适用于车载导航仪，如果在其他终端系统上使用本软件出现的任何问题，本公司不承担任何责任。"/>
		<SID_ABOUT_TEXT2 text="　　请勿在驾驶车辆的同时操作本软件，以防发生危险。否则，由此发生的交通事故或其他事故，由使用者承担全部责任，本公司对此不承担任何责任。"/>
		<SID_ABOUT_TEXT3 text="　　本软件中使用的安卓、Android文字和图案是谷歌公司的注册商标和商标，受法律保护。"/>
		<SID_ABOUT_TEXT4 text="　　本软件及相关内容的版权受中华人民共和国著作权法保护。"/>
		<SID_ABOUT_RETURN text="返回"  />
		<SID_USER_PROTOCOL text="声明" />
		<SID_CHECK_NO_DEVICES_TIP text="请进入手机设置>开启开发者选项>开启USB调试>连接USB线>允许USB调试"  />
		<SID_CHECK_NO_DEVICES  text="请进入手机设置>开启开发者选项>开启USB调试>连接USB线>允许USB调试" />
		<SID_CHECK_OFFLINE text="请重新插拔手机" />
		<SID_CHECK_UNAUTHORIZED text="请允许USB调试"  />
		<SID_PERMIT_INSTALL_SERVICES_TIP text="请在手机上允许安装手机互联服务"  />
		<SID_WELCOME_TITLE text="手机互联"  />
		<SID_PHONE_MUST_STEPS text="手机互联必要条件:"  />
		<SID_PHONE_CHECKING text="1.检测手机"  />
		<SID_PHONE_AUTHING text="2.授权验证"  />
		<SID_PHONE_INIT text="3.程序初始化"  />
		<SID_PHONE_CHECKING_EX text="检测手机中..."  />
		<SID_PHONE_AUTHING_EX text="授权验证中... "/>
		<SID_PHONE_INIT_EX text="程序初始化..." />
		<ERROR_EC_UNKNOWN text="初始化失败请重试"  />
		<ERROR_INSTALL_ECSVR_APK_ERROR text="安装手机互联服务失败，请重试" />
		<ERROR_INSTALL_EASYCONNRV_ERROR text="安装双屏互动服务失败，请重试"  />
		<ERROR_GET_SDK_VERSION_FRAILED text="获取手机系统版本失败，请重试"  />
		<ERROR_NET_ERROR text="网络异常，请保持手机网络畅通并重试"  />
		<ERROR_NET_ERROR_NODEVICE text="手机连接断开，请重新连接手机并重试" />
		<ERROR_GET_DEVID text="获取硬件ID失败，请联系经销商"  />
		<ERROR_NOTVALID_HARDWARDID text="无效的硬件ID，请联系经销商"  />
		<ERROR_NOTVALID_PHONEIMEI text="无效的手机IMEI号"  />
		<ERROR_NOT_KEEPONRECORD_IMEI text="手机未备案，请使用备案手机进行激活"  />
		<ERROR_NOTVALID_PHONE_NUM_OR_VCODE  text="手机号或激活码错误" />
		<ERROR_DOWNLOAD_LISNECE text="下载证书失败，请保持手机网络畅通并重试" />
		<ERROR_TIME_LIMIT text="软件包已过期，请联系经销商"  />		
		<ERROR_UNABLE_SAVE_LISENCE_FILE text="保存证书失败" />	
		<ERROR_GET_VERIFYCODE text="获取激活码失败" />
		<ERROR_INSTALL_CARMAN text="安装亿连手机端失败 ，请【重试】" />
		<ERROR_GET_PHONE_ANDROID_RELEASE text="获取手机安卓系统版本失败，请【重试】" />
		<ERROR_GET_PHONE_MODEL_NAME text="获取手机型号名称失败，请【重试】" />
		<ERROR_GET_PHONE_SDK text="获取手机SDK版本失败，请【重试】" />
		<ERROR_PHONE_SPACE_NOT_ENOUGH text="手机空间不足，请清理空间后【重试】" />
		<ERROR_PUSH_EASY_SERVER text="安装亿连服务失败，请【重试】" />
		<ERROR_START_EASY_SERVER text="启动亿连服务失败，请【重试】" />
	    	<ERROR_PUSH_RV text="安装双屏互动服务失败，请【重试】" />
		<ERROR_START_RV text="启动双屏互动服务失败，请【重试】" />
		<ERROR_INSTALL_ECSVR_APK_ERROR_25 text="0x04" />
		<ERROR_INSTALL_EASYCONNRV_ERROR_25 text="0x64" />
		<ERROR_GET_SDK_VERSION_FRAILED_25 text="0x03" />
		<ERROR_NO_DEVICE_25 text="0x11" />
		<ERROR_DEVICE_UNAUTHORIZED_25 text="0x14" />
		<ERROR_DEVICE_OFFLINE_25 text="0x12" />
		<SID_CONN_ERR_ERROCODE_TIP_25 text="参考代码" />
		<SID_WELCOME_CONN_PHONE_25 text="连接您的手机" />
		<SID_WELCOME_START_USB_DEBUG_25 text="开启手机USB调试" />
		<SID_WELCOME_CONN_USB_25 text="连接USB线缆" />
		<SID_WELCOME_CONN_BLUETOOTH_25 text="连接蓝牙后可将手机声音传至车机" />
		<SID_WELCOME_CHECK_PHONE_25 text="检测安卓手机" />
		<SID_HELP1_TITLE_25 text="开启开发者选项" />
		<SID_HELP1_TEXT1_25 text="进入设置关于设备" />
		<SID_HELP1_TEXT2_25 text="点击系统版本号（内部版本号）7次开启开发者选项" />
		<SID_NEXT_STEP_25 text="下一步" />
		<SID_HELP2_TITLE_25 text="开启USB调试" />
		<SID_HELP2_TEXT1_25 text="进入开发者选项" />
		<SID_HELP2_TEXT2_25 text="开启开发者选项 勾选USB调试并确定" />
		<SID_PRE_STEP_25 text="上一步" />
		<SID_HELP3_TITLE_25 text="在手机上操作" />
		<SID_HELP3_TEXT1_25 text="首次连接时勾选始终允许该PC并确定" />
		<SID_CONNECTING_TEXT1_25 text="请保持手机连接，屏幕处于未锁屏状态" />
		<SID_CONNECTING_TEXT2_25 text="请注意手机，如有提示按提示操作" />
		<SID_CONN_ERR_TITLE_25 text="未能连接成功" />
		<SID_CONN_ERR_PLEASE_RETRY_25 text="请尝试" />
		<SID_CONN_ERR_TIP1_25 text="1.更换USB线缆和车机USB接口" />
		<SID_CONN_ERR_TIP2_25 text="2.重新拔插USB线或重启手机" />
		<SID_CONN_ERR_TIP3_25 text="3.查看《亿连手机兼容列表》" />
		<SID_CONN_ERR_VIEW_HELP_25 text="查看帮助" />
		<SID_EXIT_TITLE_25 text="提示" />
		<SID_PERSONAL_ERROR_REG text="激活失败,%s" />
		<SID_PERSONAL_ERROR_PHONE_NUM text="请输入有效的手机号" />
		<SID_PERSONAL_REG_NUM_SEND_SUCCESS text="激活码成功发送至手机，请注意查收。" />
		<SID_PERSONAL_ERROR_REG_NUM text="请输入有效的6位激活码" />
		<SID_PERSONAL_REG_SUCCESS text="注册成功。" />
		<SID_SELECT_CONNECT_TYPE text="请选择连接方式" />
		<SID_ANDROID_USB text="安卓USB" />
		
		<SID_IOS_CONNECT_HOTSPOT text="1.连接热点" />
		<SID_IOS_OPEN_MOB_AIRPLAY text="2.开启手机AirPlay" />
		<SID_IOS_STEP1_TEXT text="请进入手机设置=>个人热点=>开启个人热点" />
		<SID_IOS_STEP1_ERROR text="配对失败或者未发现iphone手机,请拔插iphone手机重试" />
		<SID_IOS_STEP2_TEXT text="请从手机屏幕上滑开启控制栏=>点选AirPlay=>选择EC-Mirror=>开启镜像" /> 
		<SID_IOS_COVER1_TITLE text="手机扫码下载客户端" />
		<SID_IOS_COVER1_TIP text="已安装不再提示" />
		<SID_IOS_COVER2_TITLE text="手机客户端未运行" />
		<SID_IOS_COVER2_TIP text="请扫码下载并开启" />
		<SID_IOS_ACTIVE_TIP text="请用安卓手机来激活车载亿连(目前暂不支持苹果手机激活)。" />
		<SID_IOS_UNSURPORT_MOV text="不支持该文件格式" />
		<SID_IOS_MESSAGEBOX_OK text="确认" />
		<SID_UPDATE_NEW_VERSION text="最新版本:" />
		<SID_UPDATE_CHANGELOG text="更新说明:" />
		<SID_UPDATE_BTN_INSTALL text="安装" />
		<SID_UPDATE_TITLE text="亿连有新版本" />
		<SID_UPDATE_FAIL_TIP text="安装失败,请检查网络并重试" />
		<SID_UPDATE_OK_TIP text="安装完成,请手动重启软件" />
		<SID_UPDATE_WAITING_TIP text="安装中,请等待..." />
		<SID_UPDATE_BTN_UPDATE text="更新" />
		<SID_UPDATE_ERROR_TIP text="更新失败,请重试" />	
		<SID_SD_PATH text="SD卡路径:" />
		<SID_UPDATE_DOWNLOAD_TIP text="立即下载将会消耗当前手机网络流量,进入wifi环境下会自动下载" />
</root>