<?xml version="1.0" encoding="utf-8"?>
<root>
		<SID_WELCOME_TEXT  text="EasyConnected Ford Sync II"/>		
		<SID_BTN_RETRY text="Retry"/>		
		<SID_BTN_EXIT text="Exit"/>	
		<SID_MAIN_TITLE text="Connecting"/>		
		<SID_STEP1_TITLE text="1.Connecting your MOB"/>		
		<SID_STEP2_TITLE text="2.Install interconnection service" />		
		<SID_BTN_BACKDELETE text="Delete"/>	
		<SID_BTN_COMPLETE text="Complete"/>	
		<SID_APPLY_EASYCONN text="EasyConnected"/>
		<SID_APPLY_TITLE text="Software activation" />		
		<SID_APPLY_HARDWAREID_FORMAT text="Hardware ID:%s"  />		
		<SID_APPLY_INTERNET_FORMAT text="Network connection:Normal" />
		<SID_APPLY_SUPLIER_FORMAT text="Channel:%s"  />
		<SID_APPLY_LEFT_COUNT_FORMAT text="Remaining authorization number:%d"  />
		<SID_APPLY_APPLY text="Activation"/>		
		<SID_APPLY_CANCEL text="Cancel" />
		<SID_REGISTER_PHONENO text="MOB number:" />
		<SID_REGISTER_GET_VERIFYCODE text="Obtain activation code" />
		<SID_REGISTER_VERIFYCODE text="Activation code:"  />
		<SID_ABOUT_TITLE text="About EasyConnected" />
		<SID_ABOUT_TITLE_EX text="About mobile phone interconnection" />
		<SID_ABOUT_TEXT1 text="　　This software applies to specified OEM vehicle terminal and our company assumes no responsibility for any problems caused by using this software on other terminal system."/>
		<SID_ABOUT_TEXT2 text="　　Do not operate this software while driving so as to avoid dangers. Otherwise, the user shall assume full responsibility for traffic accidents or other accidents caused by this and our company assumes no responsibility for this."/>
		<SID_ABOUT_TEXT3 text="　　The copyright of this software and relevant content is protected by Copyright Law of the People's Republic of China."/>
		<SID_ABOUT_RETURN text="Back"  />
		<SID_USER_PROTOCOL text="User Agreement" />
		<SID_CHECK_NO_DEVICES_TIP text="Enter MOB Setting > Enable Developer Option > Turn on USB debug > Connect USB line > Allow USB debug"  />
		<SID_CHECK_NO_DEVICES  text="Enter MOB Setting > Enable Developer Option > Turn on USB debug > Connect USB line > Allow USB debug" />
		<SID_CHECK_OFFLINE text="Please plug and unplug your mobile phone again" />
		<SID_CHECK_UNAUTHORIZED text="Please allow USB debugging"  />
		<SID_PERMIT_INSTALL_SERVICES_TIP text="Please allow installation of MOB interconnection service on your MOB"  />
		<SID_WELCOME_TITLE text="Mobile internet"  />
		<SID_PHONE_MUST_STEPS text="Mobile phone interconnection necessary conditions:"  />
		<SID_PHONE_CHECKING text="1.Testing mobile phone"  />
		<SID_PHONE_AUTHING text="2.Authorization verification"  />
		<SID_PHONE_INIT text="3.Program initialization"  />
		<SID_PHONE_CHECKING_EX text="Detecting the phone..."  />
		<SID_PHONE_AUTHING_EX text="Authorization verification... "/>
		<SID_PHONE_INIT_EX text="Program initialization..." />
		<ERROR_EC_UNKNOWN text="Initialization failed, please retry"  />
		<ERROR_INSTALL_ECSVR_APK_ERROR text="Fail to initialize MOB interconnection service, please retry" />
		<ERROR_INSTALL_EASYCONNRV_ERROR text="Fail to initialize mutually control service, please retry"  />
		<ERROR_GET_SDK_VERSION_FRAILED text="Fail to obtain MOB system version, please retry"  />
		<ERROR_NET_ERROR text="Abnormal network, please keep your MOB network unimpeded and retry"  />
		<ERROR_NET_ERROR_NODEVICE text="The mobile phone connection is disconnected, please reconnect your mobile phone and retry" />
		<ERROR_GET_DEVID text="Fail to obtain hardware ID, please contact the dealer"  />
		<ERROR_NOTVALID_HARDWARDID text="Invalid hardware ID, please contact the dealer"  />
		<ERROR_NOTVALID_PHONEIMEI text="Invalid MOB IMEI number"  />
		<ERROR_NOT_KEEPONRECORD_IMEI text="MOB not on record, use an on record MOB for activation"  />
		<ERROR_NOTVALID_PHONE_NUM_OR_VCODE  text="The MOB or activation code is incorrect" />
		<ERROR_DOWNLOAD_LISNECE text="Fail to download the certificate, please keep your MOB network unimpeded and retry" />
		<ERROR_TIME_LIMIT text="The software has expired, please contact the dealer"  />		
		<ERROR_UNABLE_SAVE_LISENCE_FILE text="Certificate save failed" />	
		<ERROR_GET_VERIFYCODE text="Fail to obtain activation code" />
		<ERROR_INSTALL_ECSVR_APK_ERROR_25 text="0x04" />
		<ERROR_INSTALL_EASYCONNRV_ERROR_25 text="0x64" />
		<ERROR_GET_SDK_VERSION_FRAILED_25 text="0x03" />
		<ERROR_NO_DEVICE_25 text="0x11" />
		<ERROR_DEVICE_UNAUTHORIZED_25 text="0x14" />
		<ERROR_DEVICE_OFFLINE_25 text="0x12" />
		<SID_CONN_ERR_ERROCODE_TIP_25 text="Reference code" />
		<SID_WELCOME_CONN_PHONE_25 text="Connect to phone" />
		<SID_WELCOME_START_USB_DEBUG_25 text="Turn on USB debug" />
		<SID_WELCOME_CONN_USB_25 text="Connect USB cable" />
		<SID_WELCOME_CONN_BLUETOOTH_25 text="Connect Bluetooth to enable Smart Link audio" />
		<SID_WELCOME_CHECK_PHONE_25 text="Detect Phone" />
		<SID_HELP1_TITLE_25 text="Developer options" />
		<SID_HELP1_TEXT1_25 text="Enter [Settings], tap [About phone]" />
		<SID_HELP1_TEXT2_25 text="Tap [Build number] 7 times Enable [Developer options]" />
		<SID_NEXT_STEP_25 text="Next" />
		<SID_HELP2_TITLE_25 text="USB Debug" />
		<SID_HELP2_TEXT1_25 text="Enter [Developer options]" />
		<SID_HELP2_TEXT2_25 text="Check [USB debug]" />
		<SID_PRE_STEP_25 text="Prev" />
		<SID_HELP3_TITLE_25 text="Check phone" />
		<SID_HELP3_TEXT1_25 text="Check [Always allow from this computer] and click [OK]" />
		<SID_CONNECTING_TEXT1_25 text="Keep your phone connected and screen unlocked!" />
		<SID_CONNECTING_TEXT2_25 text="Please allow install if prompted on the phone." />
		<SID_CONN_ERR_TITLE_25 text="Connection failed" />
		<SID_CONN_ERR_PLEASE_RETRY_25 text="Please try" />
		<SID_CONN_ERR_TIP1_25 text="1.Use a different USB Cable or Port" />
		<SID_CONN_ERR_TIP2_25 text="2.Unplug-replug usb cable or reboot phone" />
		<SID_CONN_ERR_TIP3_25 text="3.Check [Phone Compatibility List]" />
		<SID_CONN_ERR_VIEW_HELP_25 text="Help" />
		<SID_EXIT_TITLE_25 text="Warning" />
		<SID_PERSONAL_ERROR_REG text="Activation failure,%s" />
		<SID_PERSONAL_ERROR_PHONE_NUM text="Please input a valid phone number" />
		<SID_PERSONAL_REG_NUM_SEND_SUCCESS text="The activation code has been sent to your mobile phone successfully, please check it." />
		<SID_PERSONAL_ERROR_REG_NUM text="Please input a valid 6-digit activation code." />
		<SID_PERSONAL_REG_SUCCESS text="Registration Successful." />
		<SID_SELECT_CONNECT_TYPE text="Please select a connection" />
		<SID_ANDROID_USB text="Android USB" />
		
		<SID_IOS_CONNECT_HOTSPOT text="1.Connect a hotspot" />
		<SID_IOS_OPEN_MOB_AIRPLAY text="2.Open MOB AirPlay" />
		<SID_IOS_STEP1_TEXT text="Enter MOB setting=>Personal hotspot=>Turn on personal hotspot" />
		<SID_IOS_STEP1_ERROR text="Pairing failed or not found iPhone mobile phone, iPhone mobile phone plug please retry" />
		<SID_IOS_STEP2_TEXT text="Start control bar on MOB=>Click AirPlay=>Select EC-Mirror=>Start Mirror Image" />
		<SID_IOS_COVER1_TITLE text="Scan code to download client" />
		<SID_IOS_COVER1_TIP text="Already installed. Do not prompt" />
		<SID_IOS_COVER2_TITLE text="MOB client is not running" />
		<SID_IOS_COVER2_TIP text="Please scan code to download and start" />
		<SID_IOS_ACTIVE_TIP text="Please use Android mobile phone to activate the car (currently does not support the activation of Apple's mobile phone)." />
		<SID_IOS_UNSURPORT_MOV text="This file format is not supported." />
		<SID_IOS_MESSAGEBOX_OK text="Confirmed" />
		
		<SID_UPDATE_NEW_VERSION text="The latest version:" />
		<SID_UPDATE_CHANGELOG text="Update:" />
		<SID_UPDATE_BTN_INSTALL text="Install" />
		<SID_UPDATE_TITLE text="EasyConnected New version" />
		<SID_UPDATE_FAIL_TIP text="Installation fails, please check and retry" />
		<SID_UPDATE_OK_TIP text="Installation is completed, please restart" />
		<SID_UPDATE_WAITING_TIP text="Installing, please wait…" />
		<SID_UPDATE_BTN_UPDATE text="Update" />
		<SID_UPDATE_ERROR_TIP text="Update failed, please try again" />
		<SID_SD_PATH text="SD card path:" />
		<SID_UPDATE_DOWNLOAD_TIP text="Mobile client installation package will be updated in the data traffic or WIFI network environment." />
</root>