﻿<?xml version="1.0" encoding="utf-8"?>
<root>
		<SID_WELCOME_TEXT  text="Замечательное взаимное соединение"/>
		<SID_BTN_RETRY text="Повторить"/>		
		<SID_BTN_EXIT text="Выйти"/>	
		<SID_MAIN_TITLE text="Соединяется…"/>		
		<SID_STEP1_TITLE text="1.Соединение с мобильным телефоном"/>		
		<SID_STEP2_TITLE text="2.Установка сервисов взаимного соединения" />		
		<SID_BTN_BACKDELETE text="Стереть"/>	
		<SID_BTN_COMPLETE text="Закончить"/>	
		<SID_APPLY_EASYCONN text="Илянь"/>
		<SID_APPLY_TITLE text="Активация программы" />		
		<SID_APPLY_HARDWAREID_FORMAT text="ID технического обеспечения:%s"  />		
		<SID_APPLY_INTERNET_FORMAT text="Сетевое соединение:Обычное" />
		<SID_APPLY_SUPLIER_FORMAT text="Канал:%s"  />
		<SID_APPLY_LEFT_COUNT_FORMAT text="Количество лишней авторизации:%d"  />
		<SID_APPLY_APPLY text="Активировать"/>		
		<SID_APPLY_CANCEL text="Отмена" />
		<SID_REGISTER_PHONENO text="номер телефона:" />
		<SID_REGISTER_GET_VERIFYCODE text="Получить код активации" />
		<SID_REGISTER_VERIFYCODE text="Код активации:"  />
		<SID_ABOUT_TITLE text="О Илянь" />
		<SID_ABOUT_TITLE_EX text="О Илянь" /><!-- О взаимном соединении -->
		<SID_ABOUT_TEXT1 text="　　Программа применяется только для указанного автомобильного терминала OEM,компания не отвечает за устранение любых вопросов, возникших при её использовании в других терминалах."/>
		<SID_ABOUT_TEXT2 text="　　Не используйте программу во время вождения во избежание опасностей. В противном случае, пользователь должен нести полную ответственность за возникшие вследствие этого ДТП или другие инциденты, компания не несет никакую ответственность."/>
		<SID_ABOUT_TEXT3 text="　　Программа и авторские права охраняются законом об авторском праве КНР."/>
		<SID_ABOUT_RETURN text="Назад"  />
		<SID_USER_PROTOCOL text="Пользовательское соглашение" />
		<SID_CHECK_NO_DEVICES_TIP text="Войдите в настройки > Откройте опции разработчика >Активируйте настройки USB > Соедините провод USB >Разрешите настройки USB"  />
		<SID_CHECK_NO_DEVICES  text="Войдите в настройки > Откройте опции разработчика >Активируйте настройки USB > Соедините провод USB >Разрешите настройки USB" />
		<SID_CHECK_OFFLINE text="Пожалуйста заново вставьте или вытащите мобильный телефон" />
		<SID_CHECK_UNAUTHORIZED text="Пожалуйста разрешите отладку USB"  />
		<SID_PERMIT_INSTALL_SERVICES_TIP text=" Пожалуйста, позвольте мобильному телефону установить сервисы взаимного соединения с мобильным телефоном"  />
		<SID_WELCOME_TITLE text="手机互联"  />
		<SID_PHONE_MUST_STEPS text="手机互联必要条件:"  />
		<SID_PHONE_CHECKING text="1.检测手机"  />
		<SID_PHONE_AUTHING text="2.授权验证"  />
		<SID_PHONE_INIT text="3.程序初始化"  />
		<SID_PHONE_CHECKING_EX text="检测手机中..."  />
		<SID_PHONE_AUTHING_EX text="授权验证中... "/>
		<SID_PHONE_INIT_EX text="程序初始化..." />
		<ERROR_EC_UNKNOWN text="Неуспешная инициализация, пожалуйста повторите"  />
		<ERROR_INSTALL_ECSVR_APK_ERROR text="Неудачная установка сервисов взаимного соединения с мобильным телефоном, пожалуйста повторите" />
		<ERROR_INSTALL_EASYCONNRV_ERROR text="Неудачная установка услуги интерактивности двойного экрана, пожалуйста повторите"  />
		<ERROR_GET_SDK_VERSION_FRAILED text="Неудачное получение версии системы мобильного телефона , пожалуйста повторите"  />
		<ERROR_NET_ERROR text="Проблемы с сетью, пожалуйста удостоверьтесь в функционирование сети мобильного телефона и повторите"  />
		<ERROR_NET_ERROR_NODEVICE text="Соединение прервалось, пожалуйста пересоедините" />
		<ERROR_GET_DEVID text="Неудачное получение ID технического обеспечения, пожалуйста свяжитесь компанией-дистрибьютором"  />
		<ERROR_NOTVALID_HARDWARDID text="Недействительный ID технического обеспечения, пожалуйста свяжитесь компанией-дистрибьютором"  />
		<ERROR_NOTVALID_PHONEIMEI text="Недействительный номер IMEI мобильного телефона"  />
		<ERROR_NOT_KEEPONRECORD_IMEI text="Мобильный телефон не поставлен на учет,используйте поставленный на учет телефон"  />
		<ERROR_NOTVALID_PHONE_NUM_OR_VCODE  text="Ошибочный телефонный номер или проверочный код" />
		<ERROR_DOWNLOAD_LISNECE text="Неудачная загрузка свидетельства, пожалуйста обеспечьте функционирование сети мобильного телефона и повторите" />
		<ERROR_TIME_LIMIT text="Просроченный комплект программного обеспечения, пожалуйста свяжитесь компанией-дистрибьютором"  />		
		<ERROR_UNABLE_SAVE_LISENCE_FILE text="Неудачное сохранение свидетельства" />	
		<ERROR_GET_VERIFYCODE text="Неудачное получение кода активации" />
		<ERROR_INSTALL_ECSVR_APK_ERROR_25 text="0x04" />
		<ERROR_INSTALL_EASYCONNRV_ERROR_25 text="0x64" />
		<ERROR_GET_SDK_VERSION_FRAILED_25 text="0x03" />
		<ERROR_NO_DEVICE_25 text="0x11" />
		<ERROR_DEVICE_UNAUTHORIZED_25 text="0x14" />
		<ERROR_DEVICE_OFFLINE_25 text="0x12" />
		<SID_CONN_ERR_ERROCODE_TIP_25 text="Код ссылки" />
		<SID_WELCOME_CONN_PHONE_25 text="Подключение к телефону" />
		<SID_WELCOME_START_USB_DEBUG_25 text="Включить USB отладка" />
		<SID_WELCOME_CONN_USB_25 text="Подключите USB-кабель" />
		<SID_WELCOME_CONN_BLUETOOTH_25 text="Connect Bluetooth to enable Smart Link audio" />
		<SID_WELCOME_CHECK_PHONE_25 text="Обнаружить" />
		<SID_HELP1_TITLE_25 text="Параметры разработчика" />
		<SID_HELP1_TEXT1_25 text="Войти в меню [Настройки] нажмите [о телефоне]" />
		<SID_HELP1_TEXT2_25 text="Нажмите [номер сборки] 7 раз Включить [параметры разработчика]" />
		<SID_NEXT_STEP_25 text="След" />
		<SID_HELP2_TITLE_25 text="Включить Отладка по USB" />
		<SID_HELP2_TEXT1_25 text="Войдите в [параметры разработчика]" />
		<SID_HELP2_TEXT2_25 text="Проверьте включена ли [отладка по USB]" />
		<SID_PRE_STEP_25 text="Пред" />
		<SID_HELP3_TITLE_25 text="Проверьте телефон" />
		<SID_HELP3_TEXT1_25 text="Установите [всегда разрешать с этого компьютера] и нажмите кнопку [ОК]" />
		<SID_CONNECTING_TEXT1_25 text="Держите ваш телефон, подключенным по USB и экран разблокированным!" />
		<SID_CONNECTING_TEXT2_25 text="Пожалуйста разрешите установку при запросе на телефон." />
		<SID_CONN_ERR_TITLE_25 text="Ошибка подключения" />
		<SID_CONN_ERR_PLEASE_RETRY_25 text="Пожалуйста, попробуйте снова" />
		<SID_CONN_ERR_TIP1_25 text="1.Используйте другой USB-кабель или порт" />
		<SID_CONN_ERR_TIP2_25 text="2.Перезагрузите телефон" />
		<SID_CONN_ERR_TIP3_25 text="3.Проверьте [Телефон Совместимость Список]" />
		<SID_CONN_ERR_VIEW_HELP_25 text="Справка" />
		<SID_EXIT_TITLE_25 text="Подсказка" />
		<SID_PERSONAL_ERROR_REG text="Акт. неудачи,%s" />
		<SID_PERSONAL_ERROR_PHONE_NUM text="Введ. дей. тел.№" />
		<SID_PERSONAL_REG_NUM_SEND_SUCCESS text="Код акт. успешно отпра. на тел. ,обра." />
		<SID_PERSONAL_ERROR_REG_NUM text="Введ. эффек. код акт.6" />
		<SID_PERSONAL_REG_SUCCESS text="Акт. удачи" />
		
		<SID_SELECT_CONNECT_TYPE text="Подключение к телефону" />
		<SID_ANDROID_USB text="Android USB" />
		
		<SID_IOS_CONNECT_HOTSPOT text="1.Соединиться с точной беспроводного доступа" />
		<SID_IOS_OPEN_MOB_AIRPLAY text="2.Активир. AirPlay моб. тел." />
		<SID_IOS_STEP1_TEXT text="Введите настройку мобильного телефона > личная горячая точка > включена личная горячая точка" />
		<SID_IOS_STEP1_ERROR text="Не удается создать пару или не обнаружен iPhone, отсоедините и повторно подсоедините iPhone, затем повторите попытку." />
		<SID_IOS_STEP2_TEXT text="Активируйте контрольную панель > Выберете AirPlay > Выберете EC-Mirror > Активируйте образ диска" />
		<SID_IOS_COVER1_TITLE text="Сканируйте код смартфоном, чтобы  скачать клиент" />
		<SID_IOS_COVER1_TIP text="Уже установлено, больше не напоминать" />
		<SID_IOS_COVER2_TITLE text="Мобильный клиент не работает" />
		<SID_IOS_COVER2_TIP text="Пожалуйста, отсканируйте код чтобы скачать и запустить" />
		<SID_IOS_ACTIVE_TIP text="Используйте телефон Андроид, чтобы активировать автомобильное приложение Easy Connected (в настоящее время активация с использованием iPhone не поддерживается)." />
		<SID_IOS_UNSURPORT_MOV text="Формат файла не поддерживается." />
		<SID_IOS_MESSAGEBOX_OK text="Подтвердить" />
		
		<SID_UPDATE_NEW_VERSION text="Новейшая версия:" />
		<SID_UPDATE_CHANGELOG text="Об обновлении:" />
		<SID_UPDATE_BTN_INSTALL text="Установка" />
		<SID_UPDATE_TITLE text="У Easy Connected последнюю версию." />
		<SID_UPDATE_FAIL_TIP text="Не удалось выполнить установку, проверьте сетевое подключение и повторите попытку." />
		<SID_UPDATE_OK_TIP text="Установка завершена, перезапустите программное обеспечение вручную." />
		<SID_UPDATE_WAITING_TIP text="Подождите, пока выполняется установка…" />
		<SID_UPDATE_BTN_UPDATE text="Обновление" />
		<SID_UPDATE_ERROR_TIP text="Не удалось выполнить обновление, пожалуйста, попробуйте еще раз" />
		<SID_SD_PATH text="Путь карты памяти SD:" />
		<SID_UPDATE_DOWNLOAD_TIP text="Мобильный пакет установки клиента будет обновляться в среде трафика данных или Wi-Fi сети" />
</root>