﻿<?xml version="1.0" encoding="utf-8"?>
<Window size="800,600" caption="0,0,0,90">
		<Font name="文泉驿微米黑" size="26" /><!--Button-->
		<Font name="文泉驿微米黑" size="30" /><!--Button-->
		<Font name="文泉驿微米黑" size="20" /><!--Button-->
	<VerticalLayout bkimage="480px/BG.png">
		<HorizontalLayout height="52" inset="24,0,24,0" bkimage="480px/topbar_BG.png">
			<Control bkimage="480px/icon_36.png" width="36" height="36" padding="0,8,0,8"/>
			<Control />
			<Button name="btnBack" height="52" width="52" normalimage="480px/home_back.png" pushedimage="480px/home_back_press.png"/>
		</HorizontalLayout>
		<HorizontalLayout>
			<Control />
			<VerticalLayout width="755">
				<Control />
				<VerticalLayout height="404" bkimage="480px/sele_path_BG.png" inset="50,0,50,0">
					<Label text="设置" height="58" font="1" align="center" textcolor="#FFFFFFFF"/>
					<Control height="10"/>
					
					<VerticalLayout width="600" height="115">
						<HorizontalLayout width="600" height="50">
							<Label name="btnAdvanceMode" text="高级省电模式(体验功能)" textcolor="#FF4A7F9B" font="1" height="50" width="550" align="left"/>
							<VerticalLayout >
								<Control height="1"/>
								<Option name="optAdvanceMode" width="48" height="48" normalimage="480px/check_box_off.png" selectedimage="480px/check_box_on.png" selected="false"/>
							</VerticalLayout>
						</HorizontalLayout>
						<Control height="10"/>
						<Label name="advanceText1" text="开启后显著降低手机功耗,当手机出现异常请关闭此选项。" textcolor="#FF4A7F9B" font="2" height="25" align="left"/>
						<Label name="advanceText2" text="(仅支持安卓4.3及以上版本)" textcolor="#FF4A7F9B" font="2" height="25" align="left"/>
					</VerticalLayout>
					
					<Control height="10"/>
					<Control height="1" bkcolor="#FF4A7F9B"/>
								
					<Control height="3"/>
					<HorizontalLayout name="lay2" height="45" >
						<Label name="lb2" text="关于亿连" align="left" textpadding="0,0,0,0"  textcolor="FF4A7F9B" font="0" pushedimage="480px/selected_BG.png"/>
					</HorizontalLayout>
					
				</VerticalLayout>
				<Control />
			</VerticalLayout>
			<Control />
		</HorizontalLayout>
	</VerticalLayout>
</Window>