﻿<?xml version="1.0" encoding="utf-8"?>
<Window size="800,480">

	<VerticalLayout name="UIDownloadProgress" bkcolor="#FF023D5F" bkimage="480px/BG.png">
		<HorizontalLayout height="80">
			<Control />
			<Button name="btnClose" textcolor="#FF363636" height="80" width="80" normalimage="common480/close_normal.png" pushedimage="common480/close_pressed.png" font="1" />
		</HorizontalLayout>
		<HorizontalLayout >
			<Control />
			<VerticalLayout align="center" width="496" height="322" bkimage="480px/toast_BG.png">

				<Control />
				<HorizontalLayout >
					<Control />
					<Control name="imgDownload" width="40" height="40" bkimage="common480/install_ok.png" visible="true" align="center"/>
					<Text name="txtDownloadTip" text="安装完成，请手动重启软件" textpadding="10,2,2,0" font="1" textcolor="#FF4a7f9b" />
					<Control />
				</HorizontalLayout>
				<HorizontalLayout name="hlBottom" height="65" visible="true">
					<HorizontalLayout name="hlStatusBar">
						<Control />
							<Button name="btnAction" text="确认" textcolor="#FF363636" height="65" width="193" normalimage="autoconnect480/button_01.png" pushedimage="autoconnect480/button_press.png" font="1" align="center"/>
						<Control />
					</HorizontalLayout>
				</HorizontalLayout>
				
				<Control />
				
			</VerticalLayout>
			
			<Control />
			
		</HorizontalLayout>
	</VerticalLayout>
</Window>