﻿<?xml version="1.0" encoding="utf-8"?>
<Window size="800,600" caption="0,0,0,90">
	<VerticalLayout bkimage="480px/BG.png">
		<HorizontalLayout height="52" inset="24,0,24,0" bkimage="480px/topbar_BG.png">
			<Control bkimage="480px/icon_36.png" width="36" height="36" padding="0,8,0,8"/>
			<Control />
			<Button name="btnBack" height="52" width="52" normalimage="480px/home_back.png" pushedimage="480px/home_back_press.png"/>
		</HorizontalLayout>
		<HorizontalLayout >
			<Control />
			<VerticalLayout width="320">
				<Control />
				<VerticalLayout bkimage="480px/tip_box.png" height="403">
					<Label height="52" align="center" text="正在连接" font="1" textcolor="#FFFFFFFF" />
					<Control height="15"/>
					<HorizontalLayout name="step1" height="28">
						<Control width="22" />
						<Control name="step1_ico" width="28" bkimage="480px/step1_1.png"/>
						<Label name="step1_title" text="连接手机" textpadding="10,0,0,0" textcolor="#FF41738C" font="0" />
					</HorizontalLayout>
					<Control height="10"/>
					<HorizontalLayout name="step2" height="28">
						<Control width="22" />
						<Control name="step2_ico" width="28" bkimage="480px/step2.png"/>
						<Label name="step2_title" text="安装手机互联服务" textcolor="#FF41738C" textpadding="10,0,0,0" font="0" />
					</HorizontalLayout>
					<Control height="30"/>
					<VerticalLayout name="showMulLine" visible="false" height="160">
						<Label name="tip1" text="请在手机上完成以下步骤:" height="26" textpadding="40,0,0,0" textcolor="FF41738C" font="2"/>
						<Label name="tip2" text="1.进入设置" height="26" textpadding="40,0,0,0" textcolor="FF41738C" font="2"/>
						<Label name="tip3" text="2.开启开发者选项" height="26" textpadding="40,0,0,0" textcolor="FF41738C" font="2"/>
						<Label name="tip4" text="3.开启USB调试" height="26" textpadding="40,0,0,0" textcolor="FF41738C" font="2"/>
						<Label name="tip5" text="4.连接USB线" height="26" textpadding="40,0,0,0" textcolor="FF41738C" font="2"/>
						<Label name="tip6" text="5.允许USB调试" height="26" textpadding="40,0,0,0" textcolor="FF41738C" font="2"/>
					</VerticalLayout>
					<VerticalLayout name="showSigLine" visible="true" height="160">
						<Text name="tipSig" height="160" textpadding="35,10,35,0" textcolor="FF41738C" font="2"/>
					</VerticalLayout>
					<Control />
					<HorizontalLayout height="46">
						<Control />
						<Button name="btnRetry" visible="false" text="重试" height="46" width="296" normalimage="480px/retry.png" pushedimage="480px/retry_press.png" textcolor="#FFFFFFFF" font="0"/>
						<Control />
					</HorizontalLayout>
					<Control height="10"/>
				</VerticalLayout>
				<Control />
			</VerticalLayout>
			<VerticalLayout width="432">
				<Control />
				<HorizontalLayout name="rightStatue" height="403">
					<Control />
					<Control width="432" height="384" bkimage="480px/img_01.png"/>
					<Control />
				</HorizontalLayout>
				<Control />
			</VerticalLayout>
			<Control />
		</HorizontalLayout>
	</VerticalLayout>
</Window>