﻿<?xml version="1.0" encoding="utf-8"?>
<Window sizet="800,480" caption="0,0,0,90">
		<Font name="文泉驿微米黑" size="26" /><!--Button-->
		<Font name="文泉驿微米黑" size="30" /><!--Button-->
		<Font name="文泉驿微米黑" size="20" /><!--Button-->
		<Font name="文泉驿微米黑" size="24" underline="true"/>
		<Font name="文泉驿微米黑" size="18" /><!--Button-->
		<Font name="文泉驿微米黑" size="22" /><!--Button-->
		<TabLayout name="switch" selectedid="1">
			<VerticalLayout bkimage="480px/BG.png">
				<HorizontalLayout height="52" inset="24,0,24,0" bkimage="480px/topbar_BG.png">
					<Button name="btnSet" height="52" width="52" normalimage="480px/home_setting.png" pushedimage="480px/home_setting_press.png"/>
					<Control />
					<Button name="btnBack" height="52" width="52" normalimage="480px/home_back.png" pushedimage="480px/home_back_press.png"/>
				</HorizontalLayout>
				
				<Control />
				<Control />
				<HorizontalLayout height="320">
					<Control />
					<Button name="btnEasy" width="208" normalimage="480px/home_icon01.png" pushedimage="480px/home_icon01_press.png" text="" font="0" textcolor="#FFFFFFFF" textpadding="0,260,0,0"/>
					<Control width="80"/>
					<Button name="btnNavi" width="208" normalimage="480px/home_icon02.png" pushedimage="480px/home_icon02_press.png" text="" font="0" textcolor="#FFFFFFFF" textpadding="0,260,0,0"/>
					<Control />
				</HorizontalLayout>
				
				<Control />
				<HorizontalLayout height="44">
					<Control />
					<Button name="btnVersion" text="3.0.25" textcolor="#FFFFFFFF" font="2" width="100"/>
					<Control width="10"/>
				</HorizontalLayout>
				<Control />
			</VerticalLayout>
			<VerticalLayout bkimage="480px/welcome_480p.png">
			</VerticalLayout>
		</TabLayout>
	
</Window>