﻿<?xml version="1.0" encoding="utf-8"?>
<Window sizet="800,480" caption="0,0,0,90">
	<VerticalLayout bkimage="480px/BG.png">
		<HorizontalLayout height="52" inset="24,0,24,0" bkimage="480px/topbar_BG.png">
			<Control bkimage="480px/icon_36.png" width="36" height="36" padding="0,8,0,8"/>
			<Control />
			<Button name="btnBack" height="52" width="52" normalimage="480px/home_back.png" pushedimage="480px/home_back_press.png"/>
		</HorizontalLayout>
		<HorizontalLayout>
			<Control />
			<VerticalLayout width="755">
				<Control />
				<VerticalLayout height="404" bkimage="480px/sele_path_BG.png">
					<Label text="导航路径选择" height="58" font="1" align="center" textcolor="#FFFFFFFF"/>
					<HorizontalLayout>
						<Control width="13"/>
						<VerticalLayout>
							<Control height="20"/>
							
							<HorizontalLayout name="lay1" height="45" bkimage="480px/selected_BG.png" inset="13,0,13,0">
								<Button name="lb1" align="left" textcolor="FF4A7F9B" font="0"/>
								<Control name="sel1" bkimage="480px/selected.png" width="56" height="28" padding="0,8,0,9"/>
							</HorizontalLayout>
							<Control height="6"/>
							<Control height="1" bkcolor="#FF4A7F9B"/>
							<Control height="6"/>
							<HorizontalLayout name="lay2" height="45" bkimage="480px/selected_BG.png" inset="13,0,13,0">
								<Button name="lb2" align="left"  textcolor="FF4A7F9B" font="0"/>
								<Control name="sel2" bkimage="480px/selected.png" width="56" height="28" padding="0,8,0,9"/>
							</HorizontalLayout>
							<Control height="6"/>
							<Control height="1" bkcolor="#FF4A7F9B"/>
							<Control height="6"/>
							<HorizontalLayout name="lay3" height="45" bkimage="480px/selected_BG.png" inset="13,0,13,0">
								<Button name="lb3" align="left" textcolor="FF4A7F9B" font="0"/>
								<Control name="sel3" bkimage="480px/selected.png" width="56" height="28" padding="0,8,0,9"/>
							</HorizontalLayout>
							<Control height="6"/>
							<Control height="1" bkcolor="#FF4A7F9B"/>
							<Control height="6"/>
							<HorizontalLayout name="lay4" height="45" bkimage="480px/selected_BG.png" inset="13,0,13,0">
								<Button name="lb4" align="left"  textcolor="FF4A7F9B" font="0"/>
								<Control name="sel4" bkimage="480px/selected.png" width="56" height="28" padding="0,8,0,9"/>
							</HorizontalLayout>
							<Control height="6"/>
							<Control height="1" bkcolor="#FF4A7F9B"/>
							<Control height="6"/>
							<HorizontalLayout name="lay5" height="45" bkimage="480px/selected_BG.png" inset="13,0,13,0">
								<Button name="lb5" align="left" textcolor="FF4A7F9B" font="0"/>
								<Control name="sel5" bkimage="480px/selected.png" width="56" height="28" padding="0,8,0,9"/>
							</HorizontalLayout>
							<Control height="6"/>
							<Control height="1" bkcolor="#FF4A7F9B"/>
						</VerticalLayout>
						<Control width="16"/>
						<VerticalLayout width="64">
							<Control />
							<VerticalLayout height="289" bkimage="480px/page_up_down_BG.png">
								<Control height="15"/>
								<Button name="btnUp" height="36" width="64" normalimage="480px/up.png" pushedimage="480px/up_press.png"/>
								<Control />
								<Button name="btnDown" height="36" width="64" normalimage="480px/down.png" pushedimage="480px/down_press.png"/>
								<Control height="15"/>
							</VerticalLayout>
							<Control />
							<Control />
						</VerticalLayout>
						<Control width="13"/>
					</HorizontalLayout>
					
				</VerticalLayout>
				<Control />
			</VerticalLayout>
			<Control />
		</HorizontalLayout>
	</VerticalLayout>
</Window>