﻿<?xml version="1.0" encoding="utf-8"?>
<Window sizet="800,480" caption="0,0,0,90">
		<Font name="文泉驿微米黑" size="26" /><!--Button-->
		<Font name="文泉驿微米黑" size="30" /><!--Button-->
		<Font name="文泉驿微米黑" size="20" /><!--Button-->
		<Font name="文泉驿微米黑" size="24" underline="true"/>
		<TabLayout name="switch" selectedid="0">
			<VerticalLayout bkimage="480px/BG.png">
				<HorizontalLayout height="52" inset="24,0,24,0" bkimage="480px/topbar_BG.png">
					<Button name="" height="52" width="52" normalimage="480px/home_setting.png"/>
					<Control />
					<Button name="" height="52" width="52" normalimage="480px/home_back.png"/>
				</HorizontalLayout>
				<Control />
				<HorizontalLayout height="322">
					<Control />
					<VerticalLayout align="center" width="496" height="322" bkimage="navierror480/toast_BG.png">
						<Control height="12"/>
						<HorizontalLayout height="50">
							<Label text="错误!" height="30" font="1" align="center" textcolor="#FFFFFFFF"/>
							<Button name="btnClose" height="39" width="39" normalimage="navierror480/close.png" pushedimage="navierror480/close_pressed.png"/>
							<Control width="10"/>
						</HorizontalLayout>
						<Control height="7"/>
						<Label text="启动导航失败" height="30" font="1" align="center" textcolor="#FF4a7f9b"/>
						<Control height="30"/>
						<Label text="      导致此问题的原因可能有:" height="40" font="0" align="left" textcolor="#FF4a7f9b"/>
						<Label text="        1.原车导航存在指定的固定路径" height="36" font="2" align="left" textcolor="#FF4a7f9b"/>
						<Label text="        2.原车地图启动需要启动协议" height="36" font="2" align="left" textcolor="#FF4a7f9b"/>
						<Label text="      建议您使用亿连导航" height="40" font="0" align="left" textcolor="#FF4a7f9b"/>
					</VerticalLayout>
					<Control />
				</HorizontalLayout>
				<Control />
			</VerticalLayout>
			<VerticalLayout bkimage="480px/welcome_480p.png">
			</VerticalLayout>
		</TabLayout>
	
</Window>