﻿<?xml version="1.0" encoding="utf-8"?>
<Window size="800,600" caption="0,0,0,90">
		<Font name="文泉驿微米黑" size="26" /><!--Button-->
		<Font name="文泉驿微米黑" size="30" /><!--Button-->
		<Font name="文泉驿微米黑" size="20" /><!--Button-->
		<Font name="文泉驿微米黑" size="24" underline="true"/>
		<Font name="文泉驿微米黑" size="18" /><!--Button-->
	<VerticalLayout bkimage="480px/BG.png">
		<HorizontalLayout height="52" inset="24,0,24,0" bkimage="480px/topbar_BG.png">
			<Control bkimage="480px/icon_36.png" width="36" height="36" padding="0,8,0,8"/>
			<Control />
			<Button name="btnBack" height="52" width="52" normalimage="480px/home_back.png" pushedimage="480px/home_back_press.png"/>
		</HorizontalLayout>
		<HorizontalLayout>
			<Control />
			<VerticalLayout width="755">
				<Control />
				<VerticalLayout height="404" bkimage="480px/sele_path_BG.png" inset="50,0,50,0">
					<Label text="设置" height="58" font="1" align="center" textcolor="#FFFFFFFF"/>
					
					<Control height="1"/>
					<HorizontalLayout name="lay1" height="45" >
						<Button name="lb1" text="设置导航路径" align="left" textpadding="20,0,0,0" textcolor="FF4A7F9B" font="0" pushedimage="480px/selected_BG.png"/>
					</HorizontalLayout>
					<Control height="1"/>
					<Control height="1" bkcolor="#FF4A7F9B"/>
					
					<Control height="1"/>
					<HorizontalLayout name="lay1" height="48" >
						<Button name="lb3" text="自动进入连接界面" width="240" align="left" textpadding="20,0,0,0" textcolor="FF4A7F9B" font="0" pushedimageA="480px/selected_BG.png"/>
						<Control width="360"/>
						<VerticalLayout >
								<Control height="1"/>
								<Option name="optAutoConnect" width="48" height="48" normalimage="480px/check_box_off.png" selectedimage="480px/check_box_on.png" selected="false"/>
						</VerticalLayout>
					</HorizontalLayout>
					<Control height="1"/>
					<Control height="1" bkcolor="#FF4A7F9B"/>
								
					<Control height="1"/>
					<HorizontalLayout name="lay2" height="45" >
						<Button name="lb2" text="关于亿连" align="left" textpadding="20,0,0,0"  textcolor="FF4A7F9B" font="0" pushedimage="480px/selected_BG.png"/>
					</HorizontalLayout>
					<Control height="1"/>
					<Control height="1" bkcolor="#FF4A7F9B"/>
					<Control height="1"/>
							
					<!--HorizontalLayout name="lay3" height="45" >
						<Button name="lb3" text="卸载亿连" align="left" textpadding="20,0,0,0" textcolor="FF4A7F9B" font="0" pushedimage="480px/selected_BG.png"/>
					</HorizontalLayout>
					<Control height="3"/>
					<Control height="1" bkcolor="#FF4A7F9B"/-->
					
					<Control height="10"/>
					<HorizontalLayout height="144">
						<Control />
						<Control width="144" bkimage="480px/qq_144.png"/>
						<Control width="80" />
						<Control width="144" bkimage="480px/chat_144.png"/>
						<Control />
					</HorizontalLayout>
					<HorizontalLayout>
						<Control />
						<Label align="center" width="180" text="扫码咨询在线客服" font="4" textcolor="#FF4A7F9B"/>
						<Control width="44" />
						<Label align="center" width="180" text="扫码关注微信" font="4" textcolor="#FF4A7F9B"/>
						<Control />
					</HorizontalLayout>
					
					<Control />
				</VerticalLayout>
				<Control />
			</VerticalLayout>
			<Control />
		</HorizontalLayout>
	</VerticalLayout>
</Window>