<?xml version="1.0" encoding="utf-8"?>
<root>
		<SID_WELCOME_TEXT  text="الاتصال البيني رائع والمتعة مرارا وتكرارا"/>		
		<SID_BTN_RETRY text="إعادة المحاولة"/>		
		<SID_BTN_EXIT text="الخروج"/>	
		<SID_MAIN_TITLE text="يجري الاتصال"/>
		<SID_STEP1_TITLE text="1. الاتصال بالهاتف"/>		
		<SID_STEP2_TITLE text="2. تركيب خدمة الاتصال البيني للهاتف" />
		<SID_BTN_BACKDELETE text="العودة للحذف"/>
		<SID_BTN_COMPLETE text="الإنهاء"/>	
		<SID_APPLY_EASYCONN text="EASY CONNECTED"/>
		<SID_APPLY_TITLE text="تفعيل البرنامج" />		
		<SID_APPLY_HARDWAREID_FORMAT text="معرف الجهاز:%s"  />
		<SID_APPLY_INTERNET_FORMAT text="اتصال الشبكة:طبيعي" />
		<SID_APPLY_SUPLIER_FORMAT text="القنوات:%s"  />
		<SID_APPLY_LEFT_COUNT_FORMAT text="العدد المتبقي للتراخيص:%d"  />
		<SID_APPLY_APPLY text="تفعيل"/>		
		<SID_APPLY_CANCEL text="إلغاء" />
		<SID_REGISTER_PHONENO text="رقم الهاتف:" />
		<SID_REGISTER_GET_VERIFYCODE text="الحصول علي رمز التفعيل" />
		<SID_REGISTER_VERIFYCODE text="رمز التفعيل:"  />
		<SID_ABOUT_TITLE text="حول EASY CONNECTED" />
		<SID_ABOUT_TITLE_EX text="حول EASY CONNECTED" /><!-- حول الاتصال البيني للهاتف -->
		<SID_ABOUT_TEXT1 text="هذا البرنامج ينطبق علي المحطة الطرفية علي السيارة للعلامات التجارية OEM المحددة، وإذا كان هناك أي مشكلة علي نظام المحطة الطرفية الآخر عند استخدام هذا البرنامج، لا تتحمل الشركة أي مسؤولية."/>
		<SID_ABOUT_TEXT2 text="لا تعمل بهذا البرنامج في حين قيادة السيارة لتجنب وقوع الخطر. إلا فأنه يجب علي المستخدم يتحمل المسؤولية الكاملة للحوادث المرورية أو الحوادث الأخري الناجمة عنها والشركة لا تتحمل أي مسؤولية."/>
		<SID_ABOUT_TEXT3 text="حقوق الطبع والنشر لهذا البرنامج وغيرها ذات الصلة محمية من قانون حقوق الطبع والنشر لجمهورية الصين الشعبية."/>
		<SID_USER_STATEMENT text="البيان"  />
		<SID_ABOUT_RETURN text="العودة"  />
		<SID_USER_PROTOCOL text="اتفاقية المستخدمين" />
		<SID_CHECK_NO_DEVICES_TIP text="الدخول في إعدادات الهاتف>فتح خيار المطور>فتح تصحيح USB> توصيل كابل USB>السماح لتصحيح USB"  />
		<SID_CHECK_NO_DEVICES  text="الدخول في إعدادات الهاتف>فتح خيار المطور>فتح تصحيح USB> توصيل كابل USB>السماح لتصحيح USB" />
		<SID_CHECK_OFFLINE text="يرجي إعادة إدخال وإخراج الهاتف" />
		<SID_CHECK_UNAUTHORIZED text=" يرجي السماح لتصحيح USB"  />
		<SID_PERMIT_INSTALL_SERVICES_TIP text="يرجي السماح لتركيب خدمة الاتصال البيني للهاتف علي الهاتف"  />
		<SID_WELCOME_TITLE text="手机互联"  />
		<SID_PHONE_MUST_STEPS text="手机互联必要条件:"  />
		<SID_PHONE_CHECKING text="1.检测手机"  />
		<SID_PHONE_AUTHING text="2.授权验证"  />
		<SID_PHONE_INIT text="3.程序初始化"  />
		<SID_PHONE_CHECKING_EX text="检测手机中..."  />
		<SID_PHONE_AUTHING_EX text="授权验证中... "/>
		<SID_PHONE_INIT_EX text="程序初始化..." />
		<ERROR_EC_UNKNOWN text="يفشل التهيئة ويرجي إعادة المحاولة"  />
		<ERROR_INSTALL_ECSVR_APK_ERROR text="يفشل تهيئة خدمة الاتصال البيني للهاتف، يرجي إعادة المحاولة" />
		<ERROR_INSTALL_EASYCONNRV_ERROR text="يفشل تهيئة خدمة تفاعل الشاشة المزدوجة، يرجي إعادة المحاولة"  />
		<ERROR_GET_SDK_VERSION_FRAILED text="يفشل الحصول علي إصدار نظام الهاتف، يرجي إعادة المحاولة"  />
		<ERROR_NET_ERROR text="الشبكة غير طبيعية، يرجي الحفاظ علي شبكة الهاتف سلسة وإعادة المحاولة"  />
		<ERROR_NET_ERROR_NODEVICE text="يقطع الاتصال بالهاتف، يرجي إعادة الاتصال بالهاتف وإعادة المحاولة" />
		<ERROR_GET_DEVID text="يفشل الحصول علي معرف الجهاز، يرجي الاتصال بالتاجر"  />
		<ERROR_NOTVALID_HARDWARDID text="معرف الجهاز غير صالح، يرجي الاتصال بالتاجر"  />
		<ERROR_NOTVALID_PHONEIMEI text="رقم IMEI للهاتف غير صالح"  />
		<ERROR_NOT_KEEPONRECORD_IMEI text="الهاتف غير مسجل، يرجي إجراء التفعيل باستخدام الهاتف المسجل"  />
		<ERROR_NOTVALID_PHONE_NUM_OR_VCODE  text="رقم الهاتف أو رمز التفعيل غير صحيح" />
		<ERROR_DOWNLOAD_LISNECE text="يفشل تحميل الشهادة، يرجي الحفاظ علي شبكة الهاتف سلسة وإعادة المحاولة" />
		<ERROR_TIME_LIMIT text="انتهت صلاحية حزمة البرنامج، يرجي الاتصال بالتاجر"  />		
		<ERROR_UNABLE_SAVE_LISENCE_FILE text="يفشل حفظ الشهادة" />	
		<ERROR_GET_VERIFYCODE text="يفشل الحصول علي رمز التفعيل" />
		<SID_APPLY_IMEI text="IMEI:%s" />
		<ERROR_INSTALL_ECSVR_APK_ERROR_25 text="0x04" />
		<ERROR_INSTALL_EASYCONNRV_ERROR_25 text="0x64" />
		<ERROR_GET_SDK_VERSION_FRAILED_25 text="0x03" />
		<ERROR_NO_DEVICE_25 text="0x11" />
		<ERROR_DEVICE_UNAUTHORIZED_25 text="0x14" />
		<ERROR_DEVICE_OFFLINE_25 text="0x12" />
		<SID_CONN_ERR_ERROCODE_TIP_25 text="خروج" />
		<SID_WELCOME_CONN_PHONE_25 text="توصيل بالهاتف" />
		<SID_WELCOME_START_USB_DEBUG_25 text="تشغيل مصحح USB" />
		<SID_WELCOME_CONN_USB_25 text="وصل كابل USB" />
		<SID_WELCOME_CONN_BLUETOOTH_25 text="مرة واحدة متصلة الهاتف بلوتوث يمكن أن تنتقل إلى جهاز الصوت سيارة" />
		<SID_WELCOME_CHECK_PHONE_25 text="ايجاد هاتف" />
		<SID_HELP1_TITLE_25 text="خيارات المطوريين" />
		<SID_HELP1_TEXT1_25 text="أدخل [إعدادات]، اضغط [حول الهاتف]" />
		<SID_HELP1_TEXT2_25 text="اضغط [نسخة رقم] 7 مرات أدخل [خيارات المطور]" />
		<SID_NEXT_STEP_25 text="التالي" />
		<SID_HELP2_TITLE_25 text="مصحح USB" />
		<SID_HELP2_TEXT1_25 text="أدخل [خيارات المطور]" />
		<SID_HELP2_TEXT2_25 text="تحقق من [USB مصحح]" />
		<SID_PRE_STEP_25 text="سابق" />
		<SID_HELP3_TITLE_25 text="تحقق من الهاتف" />
		<SID_HELP3_TEXT1_25 text="تحقق [السماح دوما لهذا الكمبيوتر] ثم انقر فوق [موافق]" />
		<SID_CONNECTING_TEXT1_25 text="الاحتفاظ بالهاتف متصلا والشاشة غير مقفلة!" />
		<SID_CONNECTING_TEXT2_25 text="يرجى السماح بالتثبيت إذا طلب منك على الهاتف." />
		<SID_CONN_ERR_TITLE_25 text="فشل الاتصال" />
		<SID_CONN_ERR_PLEASE_RETRY_25 text="الرجاء المحاولة" />
		<SID_CONN_ERR_TIP1_25 text="1. استخدام كابل USB مختلف أو منفذ آخر" />
		<SID_CONN_ERR_TIP2_25 text="2.أعد تشغيل الجوال" />
		<SID_CONN_ERR_TIP3_25 text="3.تحقق من [ قائمة الهواتف المتوافقة]" />
		<SID_CONN_ERR_VIEW_HELP_25 text="مساعدة" />
		<SID_EXIT_TITLE_25 text="تحذير" />
		<SID_PERSONAL_ERROR_REG text="فشل التنشيط، %s" />
		<SID_PERSONAL_ERROR_PHONE_NUM text="يرجي إدخال رقم الهاتف الصالح" />
		<SID_PERSONAL_REG_NUM_SEND_SUCCESS text="تم إرسال رمز التنشيط إلي الهاتف بنجاح، يرجي الانتباه باستلامه" />
		<SID_PERSONAL_ERROR_REG_NUM text="يرجي إدخال رمز التنشيط من 6 أرقام الصالح" />
		<SID_PERSONAL_REG_SUCCESS text="تم تسجيل الدخول بنجاح." />
		
		<SID_SELECT_CONNECT_TYPE text="الاتصال بالجوال" />
		<SID_ANDROID_USB text="Android USB" />
		
		<SID_IOS_CONNECT_HOTSPOT text="1. الاتصال بالنقطة الساخنة" />
		<SID_IOS_OPEN_MOB_AIRPLAY text="2. فتح AirPlay للهاتف" />
		<SID_IOS_STEP1_TEXT text="قم بالدخول الى اعداد الجهاز>النقطه الاتصال الشخصيه>قم بفتح النقطه الاتصال الشخصية" />
		<SID_IOS_STEP1_ERROR text="فشل الإقران أو لم يعثر على جوال اي فون، يرجى اعادة المحاولة باعادة توصيل جوال اي فون" />
		<SID_IOS_STEP2_TEXT text="يرجي الانزلاق للأعلي علي شاشة الهاتف لتشغيل عمود التحكم>اختيار AirPlay>اختيار EC-Mirror>فتح صور المرآة" />
		<SID_IOS_COVER1_TITLE text="احمل العميل بالمسح الضوئي علي رمز ثنائي الأبعاد" />
		<SID_IOS_COVER1_TIP text="مثبت بالفعل، لا ينبه إضافيا" />
		<SID_IOS_COVER2_TITLE text="لم يتم تشغيل عميل المحمول" />
		<SID_IOS_COVER2_TIP text="يرجي التحميل بالمسح الضوئي علي رمز ثنائي الأبعاد وفتحه" />
		<SID_IOS_ACTIVE_TIP text="رجي تفعيل Easy Connected بجوال أندرويد (حاليا لا يدعم التفعيل بجوال أبل)" />
		<SID_IOS_UNSURPORT_MOV text="لا يدعم تنسيق الملف" />
		<SID_IOS_MESSAGEBOX_OK text="تأكيد" />
		<SID_UPDATE_NEW_VERSION text="الإصدار الأخير:" />
		<SID_UPDATE_CHANGELOG text="تعليمات التحديث:" />
		<SID_UPDATE_BTN_INSTALL text="التركيب" />
		<SID_UPDATE_TITLE text="إصدار جديد" />
		<SID_UPDATE_FAIL_TIP text="فشل التركيب، افحص الشبكة و حاول مرة أخرى" />
		<SID_UPDATE_OK_TIP text="انتهي التركيب، قم بتشغيل البرنامج يدويا" />
		<SID_UPDATE_WAITING_TIP text="جاري التركيب، يرجى الانتظار" />
		<SID_UPDATE_BTN_UPDATE text="تحديث" />
		<SID_UPDATE_ERROR_TIP text="تحديث فشل، يرجى المحاولة مرة أخرى" />
		<SID_SD_PATH text="مسار بطاقة SD:" />
		<SID_UPDATE_DOWNLOAD_TIP text="وسيتم تحديث حزمة التثبيت العميل النقالة في بيئة مرورية البيانات أو شبكة واي فاي" />
</root>