<?xml version="1.0" encoding="utf-8"?>
<root>
		<SID_WELCOME_TEXT  text="תקשורת נפלאה וכיפית במיוחד"/>		
		<SID_BTN_RETRY text="נסה שוב"/>		
		<SID_BTN_EXIT text="יציאה"/>	
		<SID_MAIN_TITLE text="מתחבר"/>		
		<SID_STEP1_TITLE text="1.מתחבר עם הסלולארי"/>		
		<SID_STEP2_TITLE text="2.התקן שירותי קישוריות סלולארי" />		
		<SID_BTN_BACKDELETE text="מחק"/>	
		<SID_BTN_COMPLETE text="סיים"/>	
		<SID_APPLY_EASYCONN text="Easy Connected"/>
		<SID_APPLY_TITLE text="אקטיבצית תוכנה" />		
		<SID_APPLY_HARDWAREID_FORMAT text="מספר מזהה של החומר:%s"  />		
		<SID_APPLY_INTERNET_FORMAT text="חיבור לרשת:רגיל" />
		<SID_APPLY_SUPLIER_FORMAT text="ערוץ:%s"  />
		<SID_APPLY_LEFT_COUNT_FORMAT text="המספרים הנותרים של האישור:%d"  />
		<SID_APPLY_APPLY text="אקטיבציה"/>		
		<SID_APPLY_CANCEL text="בטל" />
		<SID_REGISTER_PHONENO text="מספר סלולארי:" />
		<SID_REGISTER_GET_VERIFYCODE text="קבל קוד אקטיבציה" />
		<SID_REGISTER_VERIFYCODE text="קוד אקטיבציה:"  />
		<SID_ABOUT_TITLE text="מתחבר ל-Easy Connected" />
		<SID_ABOUT_TITLE_EX text="מתחבר ל-Easy Connected" /><!-- בנוגע לקישוריות סלולריות -->
		<SID_ABOUT_TEXT1 text="התוכנה מותאמת למסוף הרכב של המותג OEM. החברה לא תיקח אחריות על כל בעיה שתיווצר עקב שימוש בתוכנה במסוף אחר."/>
		<SID_ABOUT_TEXT2 text="אל תשתמש בתוכנה בזמן הנהיגה ברכב מחמת הסכנה. במקרה של שימוש בזמן נהיגה, המשתמש יקח על עצמו את מלוא האחריות על תאונות דרכים או באירועים אחרים, והחברה לא תיקח אחריות כלל במקרים הללו."/>
		<SID_ABOUT_TEXT3 text="זכויות היוצרים של התוכנה והתוכן הרלוונטי מוגנים תחת זכויות יוצרים של סין."/>
		<SID_ABOUT_RETURN text="חזור"  />
		<SID_USER_PROTOCOL text="אישור המשתמש" />
		<SID_CHECK_NO_DEVICES_TIP text="היכנס בבקשה להגדרות סלולארי > פתח הגדרות טכנאי > התחל ניפוי שגיאות USB > התחבר עם כבל USB > אפשר ניפוי שגיאות USB"  />
		<SID_CHECK_NO_DEVICES  text="היכנס בבקשה להגדרות סלולארי > פתח הגדרות טכנאי > התחל ניפוי שגיאות USB > התחבר עם כבל USB > אפשר ניפוי שגיאות USB" />
		<SID_CHECK_OFFLINE text="אנא חבר את הטלפון שוב" />
		<SID_CHECK_UNAUTHORIZED text="אפשר בבקשה ניפוי שגיאות USB"  />
		<SID_PERMIT_INSTALL_SERVICES_TIP text="אפשר בבקשה התקנה של שירותי קישוריות סלולארית בפלאפון שלך."  />
		<SID_WELCOME_TITLE text="手机互联"  />
		<SID_PHONE_MUST_STEPS text="手机互联必要条件:"  />
		<SID_PHONE_CHECKING text="1.检测手机"  />
		<SID_PHONE_AUTHING text="2.授权验证"  />
		<SID_PHONE_INIT text="3.程序初始化"  />
		<SID_PHONE_CHECKING_EX text="检测手机中..."  />
		<SID_PHONE_AUTHING_EX text="授权验证中... "/>
		<SID_PHONE_INIT_EX text="程序初始化..." />
		<ERROR_EC_UNKNOWN text="אתחול נכשלה, נסה שוב בבקשה"  />
		<ERROR_INSTALL_ECSVR_APK_ERROR text="התקנה של קישוריות סלולארית נכשלה , נסה שוב בבקשה" />
		<ERROR_INSTALL_EASYCONNRV_ERROR text="התקנה של שירות מסך כפול נכשלה, נסה שוב בבקשה"  />
		<ERROR_GET_SDK_VERSION_FRAILED text="קבלת הגירסא הסלולארית של מערכת ההפעלה נכשלה, נסה שוב בבקשה"  />
		<ERROR_NET_ERROR text="רשת לא תקינה, שמור בבקשה על רשת תקינה ונסה שוב"  />
		<ERROR_NET_ERROR_NODEVICE text="הטלפון הנייד נותק, אנא נסה שוב לאחר שתחבר אותו מחדש" />
		<ERROR_GET_DEVID text="קבלת ה-ID של החומרה נכשל, אנא פנה לסוכן שלך"  />
		<ERROR_NOTVALID_HARDWARDID text="ה-ID של החומרה לא חוקי, אנא פנה לסוכן שלך"  />
		<ERROR_NOTVALID_PHONEIMEI text="זהות סלולארית (IMEI) לא חוקית"  />
		<ERROR_NOT_KEEPONRECORD_IMEI text="הסלולארי לא מוכר. אנא השתמש בסלולארי מוכר בשביל האקטיבציה"  />
		<ERROR_NOTVALID_PHONE_NUM_OR_VCODE  text="מספר הסלולארי או קוד האישור שגוי" />
		<ERROR_DOWNLOAD_LISNECE text="הורדת מסמך האישור נכשל, שמור בבקשה על רשת תקינה ונסה שוב" />
		<ERROR_TIME_LIMIT text="פג תוקפה של חבילת התוכנה, אנא פנה לסוכן שלך"  />		
		<ERROR_UNABLE_SAVE_LISENCE_FILE text="שומר את שגיאות מסמך האישור" />	
		<ERROR_GET_VERIFYCODE text="משיג את שגיאות קוד האקטיבציה" />
		<ERROR_INSTALL_ECSVR_APK_ERROR_25 text="0x04" />
		<ERROR_INSTALL_EASYCONNRV_ERROR_25 text="0x64" />
		<ERROR_GET_SDK_VERSION_FRAILED_25 text="0x03" />
		<ERROR_NO_DEVICE_25 text="0x11" />
		<ERROR_DEVICE_UNAUTHORIZED_25 text="0x14" />
		<ERROR_DEVICE_OFFLINE_25 text="0x12" />
		<SID_CONN_ERR_ERROCODE_TIP_25 text="参考代码" />
		<SID_WELCOME_CONN_PHONE_25 text="连接您的手机" />
		<SID_WELCOME_START_USB_DEBUG_25 text="开启手机USB调试" />
		<SID_WELCOME_CONN_USB_25 text="连接USB线缆" />
		<SID_WELCOME_CONN_BLUETOOTH_25 text="连接蓝牙后可将手机声音传至车机" />
		<SID_WELCOME_CHECK_PHONE_25 text="检测安卓手机" />
		<SID_HELP1_TITLE_25 text="开启开发者选项" />
		<SID_HELP1_TEXT1_25 text="进入设置关于设备" />
		<SID_HELP1_TEXT2_25 text="点击系统版本号（内部版本号）7次开启开发者选项" />
		<SID_NEXT_STEP_25 text="下一步" />
		<SID_HELP2_TITLE_25 text="开启USB调试" />
		<SID_HELP2_TEXT1_25 text="进入开发者选项" />
		<SID_HELP2_TEXT2_25 text="开启开发者选项 勾选USB调试并确定" />
		<SID_PRE_STEP_25 text="上一步" />
		<SID_HELP3_TITLE_25 text="在手机上操作" />
		<SID_HELP3_TEXT1_25 text="首次连接时勾选始终允许该PC并确定" />
		<SID_CONNECTING_TEXT1_25 text="请保持手机连接，屏幕处于未锁屏状态" />
		<SID_CONNECTING_TEXT2_25 text="请注意手机，如有提示按提示操作" />
		<SID_CONN_ERR_TITLE_25 text="未能连接成功" />
		<SID_CONN_ERR_PLEASE_RETRY_25 text="请尝试" />
		<SID_CONN_ERR_TIP1_25 text="1.更换USB线缆和车机USB接口" />
		<SID_CONN_ERR_TIP2_25 text="2.重新拔插USB线或重启手机" />
		<SID_CONN_ERR_TIP3_25 text="3.查看《亿连手机兼容列表》" />
		<SID_CONN_ERR_VIEW_HELP_25 text="查看帮助" />
		<SID_EXIT_TITLE_25 text="提示" />
		<SID_PERSONAL_ERROR_REG text="נכשלה, %s" />
		<SID_PERSONAL_ERROR_PHONE_NUM text="אנא הזן  טלפון תקף" />
		<SID_PERSONAL_REG_NUM_SEND_SUCCESS text="קוד הפעלה נשלח, אנא בדוק אותו" />
		<SID_PERSONAL_ERROR_REG_NUM text="אנא הכנס קוד הפעלה בן 6 תווים" />
		<SID_PERSONAL_REG_SUCCESS text="ההרשמה בהצלחה" />
		
		<SID_SELECT_CONNECT_TYPE text="חבר את הטלפון שלך" />
		<SID_ANDROID_USB text="Android USB" />
		
		<SID_IOS_CONNECT_HOTSPOT text="1.התחבר לנקודת גישה" />
		<SID_IOS_OPEN_MOB_AIRPLAY text="2.פתח AirPlay בסלולארי" />
		<SID_IOS_STEP1_TEXT text="בחר באפשרות הגדרות טלפון> האישי נקודה חמה> האישי נקודה חמה" />
		<SID_IOS_STEP1_ERROR text="אם ההתאמה לא הצליחה או שזה לא מצליחים לזהות את המכשיר, את האייפון ונסה שנית" />
		<SID_IOS_STEP2_TEXT text="אנא פתח את פאנל השליטה עי נחלקת המסך למעלה > הקלק ובחר AirPlay > בחר EC-MIROR > פתח את הקישור" />
		<SID_IOS_COVER1_TITLE text="סרוק את הקוד באמצעות הטלפון להורדה" />
		<SID_IOS_COVER1_TIP text="אין יותר טיפים שכן הוא מותקן" />
		<SID_IOS_COVER2_TITLE text="התוכנה על הטלפון אינה פועלת" />
		<SID_IOS_COVER2_TIP text="אנא סרוק את הקוד כדי להוריד ולהפעיל" />
		<SID_IOS_ACTIVE_TIP text="נא להשתמש באנדרואיד כדי להכניס לפעולה את EC הכלול (לא נתמכת כעת הפעלה באמצעות אייפון)" />
		<SID_IOS_UNSURPORT_MOV text="פורמט קובץ זה לא נתמך" />
		<SID_IOS_MESSAGEBOX_OK text="ודא" />
		
		<SID_UPDATE_NEW_VERSION text="גרסה אחרונה:" />
		<SID_UPDATE_CHANGELOG text="עדכן תיאור:" />
		<SID_UPDATE_BTN_INSTALL text="התקן" />
		<SID_UPDATE_TITLE text="גרסה חדשה עבור EC" />
		<SID_UPDATE_FAIL_TIP text="ההתקנה נכשלה, בדוק את הרשת ונסה שנית" />
		<SID_UPDATE_OK_TIP text="ההתקנה הצליחה, התכנה מחדש ידנית" />
		<SID_UPDATE_WAITING_TIP text="ההתקנה בביצוע, להמתין" />
		<SID_UPDATE_BTN_UPDATE text="עדכון" />
		<SID_UPDATE_ERROR_TIP text="עדכון נכשל, אנא נסה שוב" />
		<SID_SD_PATH text="נתיב כרטיס SD:" />
		<SID_UPDATE_DOWNLOAD_TIP text="התקנת חבילת לקוח ניידת עודכנה בסביבת רשת WIFI תנועה או נתונים" />
</root>