<?xml version="1.0" encoding="utf-8"?>
<root>
		<SID_WELCOME_TEXT  text="Interconnexion spectaculaire, plaisir en série"/>		
		<SID_BTN_RETRY text="Réessayer"/>		
		<SID_BTN_EXIT text="Hors service"/>	
		<SID_MAIN_TITLE text="Connexion en cours"/>		
		<SID_STEP1_TITLE text="1.Connexion portable"/>		
		<SID_STEP2_TITLE text="2.Installation Service Internet Portable" />		
		<SID_BTN_BACKDELETE text="Annulation retour"/>	
		<SID_BTN_COMPLETE text="Fin"/>	
		<SID_APPLY_EASYCONN text="Easy Connected"/>
		<SID_APPLY_TITLE text="Activation logiciel" />		
		<SID_APPLY_HARDWAREID_FORMAT text="ID materiel ID:%s"  />		
		<SID_APPLY_INTERNET_FORMAT text="Connexion Réseau:Normal" />
		<SID_APPLY_SUPLIER_FORMAT text="Piste:%s"  />
		<SID_APPLY_LEFT_COUNT_FORMAT text="Quantité restante d’autorisation:%d"  />
		<SID_APPLY_APPLY text="Activation"/>		
		<SID_APPLY_CANCEL text="Annulation " />
		<SID_REGISTER_PHONENO text="Numéro Portable:" />
		<SID_REGISTER_GET_VERIFYCODE text="Obtention code activation" />
		<SID_REGISTER_VERIFYCODE text="Code activation:"  />
		<SID_ABOUT_TITLE text="A propos de Easy Connected" />
		<SID_ABOUT_TITLE_EX text="A propos de Easy Connected" /><!-- Interconnexion portable -->
		<SID_ABOUT_TEXT1 text="　　Ce logiciel pour terminal à bord en marque OEM, en cas de problème causé par l’utilisation de ce logiciel dans autres terminaux, nous n’assumons aucune responsabilité."/>
		<SID_ABOUT_TEXT2 text="　　Veuillez ne pas opérer ce logiciel lors de la conduite, pour éviter danger. Sinon, l’usager assumera toute la responsabilité en cas d’accident de transport ou autres accidents, nous n’assumons aucune responsabilité."/>
		<SID_ABOUT_TEXT3 text="　　Ce logiciel et droit d’auteur sont protégés par Code de copyright R.P. Chine"/>
		<SID_ABOUT_RETURN text="Retour"  />
		<SID_USER_PROTOCOL text="Accord de l’usager" />
		<SID_CHECK_NO_DEVICES_TIP text="Entrée configuration Portable>Connexion fil USB>Entrée configuration Portable>Ouverture option développeur>Ouverture réglage USB>Autorisation réglage USB"  />
		<SID_CHECK_NO_DEVICES  text="Entrée configuration Portable>Connexion fil USB>Entrée configuration Portable>Ouverture option développeur>Ouverture réglage USB>Autorisation réglage USB" />
		<SID_CHECK_OFFLINE text="Veuillez insérer et retirer portable" />
		<SID_CHECK_UNAUTHORIZED text="Autorisez réglage USB"  />
		<SID_PERMIT_INSTALL_SERVICES_TIP text="Autorisez Installation Service Internet Portable"  />
		<SID_WELCOME_TITLE text="手机互联"  />
		<SID_PHONE_MUST_STEPS text="手机互联必要条件:"  />
		<SID_PHONE_CHECKING text="1.检测手机"  />
		<SID_PHONE_AUTHING text="2.授权验证"  />
		<SID_PHONE_INIT text="3.程序初始化"  />
		<SID_PHONE_CHECKING_EX text="检测手机中..."  />
		<SID_PHONE_AUTHING_EX text="授权验证中... "/>
		<SID_PHONE_INIT_EX text="程序初始化..." />
		<ERROR_EC_UNKNOWN text="Initialisation avec échec et réessayez"  />
		<ERROR_INSTALL_ECSVR_APK_ERROR text="Installation Service Internet Portable avec échec, réessayez" />
		<ERROR_INSTALL_EASYCONNRV_ERROR text="Installation Service Interaction à double écran avec échec, réessayez"  />
		<ERROR_GET_SDK_VERSION_FRAILED text="Obtention Version Système Portable avec échec, réessayez"  />
		<ERROR_NET_ERROR text="Anomalie Réseau, maintenez Réseau libre Portable et réessayez"  />
		<ERROR_NET_ERROR_NODEVICE text="Déconnexion de portable, veuillez reconnecter de portable et réessayer" />
		<ERROR_GET_DEVID text="Obtention ID matériel avec échec, contactez concessionnaire"  />
		<ERROR_NOTVALID_HARDWARDID text="ID matériel expiré, contactez concessionnaire"  />
		<ERROR_NOTVALID_PHONEIMEI text="Numéro IMEI Portable ineffectif"  />
		<ERROR_NOT_KEEPONRECORD_IMEI text="Portable non archivé, utilisez Portable archivé pour activation"  />
		<ERROR_NOTVALID_PHONE_NUM_OR_VCODE  text="Numéro Portable ou code de vérification erroné" />
		<ERROR_DOWNLOAD_LISNECE text="Téléchargement Certificat avec échec, maintenez Réseau libre Portable et réessayez" />
		<ERROR_TIME_LIMIT text="Package logiciel expiré, contactez concessionnaire"  />		
		<ERROR_UNABLE_SAVE_LISENCE_FILE text="Sauvegarde Certificat avec échec" />	
		<ERROR_GET_VERIFYCODE text="Obtention code activation avec échec" />
		<ERROR_INSTALL_ECSVR_APK_ERROR_25 text="0x04" />
		<ERROR_INSTALL_EASYCONNRV_ERROR_25 text="0x64" />
		<ERROR_GET_SDK_VERSION_FRAILED_25 text="0x03" />
		<ERROR_NO_DEVICE_25 text="0x11" />
		<ERROR_DEVICE_UNAUTHORIZED_25 text="0x14" />
		<ERROR_DEVICE_OFFLINE_25 text="0x12" />
		<SID_CONN_ERR_ERROCODE_TIP_25 text="参考代码" />
		<SID_WELCOME_CONN_PHONE_25 text="连接您的手机" />
		<SID_WELCOME_START_USB_DEBUG_25 text="开启手机USB调试" />
		<SID_WELCOME_CONN_USB_25 text="连接USB线缆" />
		<SID_WELCOME_CONN_BLUETOOTH_25 text="连接蓝牙后可将手机声音传至车机" />
		<SID_WELCOME_CHECK_PHONE_25 text="检测安卓手机" />
		<SID_HELP1_TITLE_25 text="开启开发者选项" />
		<SID_HELP1_TEXT1_25 text="进入设置关于设备" />
		<SID_HELP1_TEXT2_25 text="点击系统版本号（内部版本号）7次开启开发者选项" />
		<SID_NEXT_STEP_25 text="下一步" />
		<SID_HELP2_TITLE_25 text="开启USB调试" />
		<SID_HELP2_TEXT1_25 text="进入开发者选项" />
		<SID_HELP2_TEXT2_25 text="开启开发者选项 勾选USB调试并确定" />
		<SID_PRE_STEP_25 text="上一步" />
		<SID_HELP3_TITLE_25 text="在手机上操作" />
		<SID_HELP3_TEXT1_25 text="首次连接时勾选始终允许该PC并确定" />
		<SID_CONNECTING_TEXT1_25 text="请保持手机连接，屏幕处于未锁屏状态" />
		<SID_CONNECTING_TEXT2_25 text="请注意手机，如有提示按提示操作" />
		<SID_CONN_ERR_TITLE_25 text="未能连接成功" />
		<SID_CONN_ERR_PLEASE_RETRY_25 text="请尝试" />
		<SID_CONN_ERR_TIP1_25 text="1.更换USB线缆和车机USB接口" />
		<SID_CONN_ERR_TIP2_25 text="2.重新拔插USB线或重启手机" />
		<SID_CONN_ERR_TIP3_25 text="3.查看《亿连手机兼容列表》" />
		<SID_CONN_ERR_VIEW_HELP_25 text="查看帮助" />
		<SID_EXIT_TITLE_25 text="提示" />
		<SID_PERSONAL_ERROR_REG text="Défaite d'activation,%s" />
		<SID_PERSONAL_ERROR_PHONE_NUM text="Veuillez entrer un numéro de portable valide" />
		<SID_PERSONAL_REG_NUM_SEND_SUCCESS text="Le code d'activation envoyé au portable, lisez-le." />
		<SID_PERSONAL_ERROR_REG_NUM text="Entrez le code d'activation valide de six chiffres" />
		<SID_PERSONAL_REG_SUCCESS text="Inscription réussie." />
		<SID_SELECT_CONNECT_TYPE text="Veuillez choisir un mode de connexion" />
		<SID_ANDROID_USB text="Android USB" />
		
		<SID_IOS_CONNECT_HOTSPOT text="1.Connexion Hotspot" />
		<SID_IOS_OPEN_MOB_AIRPLAY text="2.Démarrage AirPlay" />
		<SID_IOS_STEP1_TEXT text="Entrer dans Settings > Hotspot personnel > ouvrir" />
		<SID_IOS_STEP1_ERROR text="Liaison échoué ou iPhone non trouvé, reinsérez iPhone et réessayez" />
		<SID_IOS_STEP2_TEXT text="Déplacez rubrique commande dans l’écran Portable>Choix AirPlay>Choix EC-Mirror>Ouverture image" />
		<SID_IOS_COVER1_TITLE text="Télécharger le client par lecture du code" />
		<SID_IOS_COVER1_TIP text="Déjà installé, il n'y aura aucune indication." />
		<SID_IOS_COVER2_TITLE text="Client de téléphone mobile ne fonctionne pas" />
		<SID_IOS_COVER2_TIP text="Faîtes lire le code pour télécharger et démarrer" />
		<SID_IOS_ACTIVE_TIP text="Activez Easy Connected avec téléphone d’Android (non supporter téléphone d'Apple)." />
		<SID_IOS_UNSURPORT_MOV text="Format du fichier non supporté" />
		<SID_IOS_MESSAGEBOX_OK text="Confirmer" />
		
		<SID_UPDATE_NEW_VERSION text="Dernière version:" />
		<SID_UPDATE_CHANGELOG text="Note de mise à jour:" />
		<SID_UPDATE_BTN_INSTALL text="Install." />
		<SID_UPDATE_TITLE text="Nouvelle version" />
		<SID_UPDATE_FAIL_TIP text="Installation échoué, vérifiez réseau, réessayez" />
		<SID_UPDATE_OK_TIP text="Installation achevée, redémarrez logiciel" />
		<SID_UPDATE_WAITING_TIP text="Installation, attendez …" />
		<SID_UPDATE_BTN_UPDATE text="Mise à jour" />
		<SID_UPDATE_ERROR_TIP text="Mise à jour a échoué, s'il vous plaît essayer à nouveau" />
		<SID_SD_PATH text="Chemin de la carte SD:" />
		<SID_UPDATE_DOWNLOAD_TIP text="Package d'installation du client Mobile sera mis à jour dans l'environnement de trafic de données ou d'un réseau WIFI" />
</root>