<?xml version="1.0" encoding="utf-8"?>
<root>
		<SID_WELCOME_TEXT  text="精彩互聯 樂趣連連"/>		
		<SID_BTN_RETRY text="重試"/>		
		<SID_BTN_EXIT text="退出"/>	
		<SID_MAIN_TITLE text="正在連接"/>		
		<SID_STEP1_TITLE text="1.連接手機"/>		
		<SID_STEP2_TITLE text="2.安裝手機互聯服務" />		
		<SID_BTN_BACKDELETE text="回刪"/>	
		<SID_BTN_COMPLETE text="完成"/>	
		<SID_APPLY_EASYCONN text="億連"/>
		<SID_APPLY_TITLE text="軟體啟動" />		
		<SID_APPLY_HARDWAREID_FORMAT text="硬件ID:%s"  />		
		<SID_APPLY_INTERNET_FORMAT text="網路連接:正常" />
		<SID_APPLY_SUPLIER_FORMAT text="管道:%s"  />
		<SID_APPLY_LEFT_COUNT_FORMAT text="授權剩余數量:%d"  />
		<SID_APPLY_APPLY text="啟動"/>		
		<SID_APPLY_CANCEL text="取消" />
		<SID_REGISTER_PHONENO text="手機號:" />
		<SID_REGISTER_GET_VERIFYCODE text="獲取啟動碼" />
		<SID_REGISTER_VERIFYCODE text="啟動碼:"  />
		<SID_ABOUT_TITLE text="關於億連" />
		<SID_ABOUT_TITLE_EX text="關於億連" />
		<SID_ABOUT_TEXT1 text="　　本軟件適用於指定OEM品牌車載終端，如果在其他的終端系統上使用本軟件出現的任何問題，本公司不承擔任何責任。"/>
		<SID_ABOUT_TEXT2 text="　　請勿在駕駛車輛的同時操作本軟件，以防發生危險。否則，由此發生交通事故或其他事故，由使用者承擔全部責任，本公司對此不承擔任何責任。"/>
		<SID_ABOUT_TEXT3 text="　　本軟體及相關內容的版權受著作權法保護。"/>
		<SID_ABOUT_RETURN text="返回"  />
		<SID_USER_PROTOCOL text="聲明" />
		<SID_CHECK_NO_DEVICES_TIP text="請進入手機設置>開啟開發者選項>開啟USB偵錯>連接USB線>允許USB偵錯"  />
		<SID_CHECK_NO_DEVICES  text="請進入手機設置>開啟開發者選項>開啟USB偵錯>連接USB線>允許USB偵錯" />
		<SID_CHECK_OFFLINE text="請重新插拔手機" />
		<SID_CHECK_UNAUTHORIZED text="請允許USB偵錯"  />
		<SID_PERMIT_INSTALL_SERVICES_TIP text="請在手機上允許安裝手機互聯服務"  />
		<SID_WELCOME_TITLE text="手機互聯"  />
		<SID_PHONE_MUST_STEPS text="手機互聯必要條件:"  />
		<SID_PHONE_CHECKING text="1.檢測手機"  />
		<SID_PHONE_AUTHING text="2.授權驗證"  />
		<SID_PHONE_INIT text="3.程序初始化"  />
		<SID_PHONE_CHECKING_EX text="檢測手機中..."  />
		<SID_PHONE_AUTHING_EX text="授權驗證中... "/>
		<SID_PHONE_INIT_EX text="程序初始化..." />
		<ERROR_EC_UNKNOWN text="初始化失敗請重試"  />
		<ERROR_INSTALL_ECSVR_APK_ERROR text="安裝手機互聯服務失敗，請重試" />
		<ERROR_INSTALL_EASYCONNRV_ERROR text="安裝雙屏互動服務失敗，請重試"  />
		<ERROR_GET_SDK_VERSION_FRAILED text="獲取手機系統版本失敗，請重試"  />
		<ERROR_NET_ERROR text="網路異常，請保持手機網路暢通並重試"  />
		<ERROR_NET_ERROR_NODEVICE text="手機連接斷開，請重新連接手機並重試" />
		<ERROR_GET_DEVID text="獲取硬件ID失敗，請聯系經銷商"  />
		<ERROR_NOTVALID_HARDWARDID text="無效的硬件ID，請聯系經銷商"  />
		<ERROR_NOTVALID_PHONEIMEI text="無效的手機IMEI號"  />
		<ERROR_NOT_KEEPONRECORD_IMEI text="手機未備案，請使用備案手機進行啟動"  />
		<ERROR_NOTVALID_PHONE_NUM_OR_VCODE  text="手機號或啟動碼錯誤" />
		<ERROR_DOWNLOAD_LISNECE text="下載證書失敗，請保持手機網路暢通並重試" />
		<ERROR_TIME_LIMIT text="套裝軟體已過期，請聯繫經銷商"  />		
		<ERROR_UNABLE_SAVE_LISENCE_FILE text="保存證書失敗" />	
		<ERROR_GET_VERIFYCODE text="獲取啟動碼失敗" />
		<ERROR_INSTALL_ECSVR_APK_ERROR_25 text="0x04" />
		<ERROR_INSTALL_EASYCONNRV_ERROR_25 text="0x64" />
		<ERROR_GET_SDK_VERSION_FRAILED_25 text="0x03" />
		<ERROR_NO_DEVICE_25 text="0x11" />
		<ERROR_DEVICE_UNAUTHORIZED_25 text="0x14" />
		<ERROR_DEVICE_OFFLINE_25 text="0x12" />
		<SID_CONN_ERR_ERROCODE_TIP_25 text="參考代碼" />
		<SID_WELCOME_CONN_PHONE_25 text="連接您的手機" />
		<SID_WELCOME_START_USB_DEBUG_25 text="開啟手機USB調試" />
		<SID_WELCOME_CONN_USB_25 text="連接USB線纜" />
		<SID_WELCOME_CONN_BLUETOOTH_25 text="連接藍牙后可將手機聲音傳至車機" />
		<SID_WELCOME_CHECK_PHONE_25 text="檢測安卓手機" />
		<SID_HELP1_TITLE_25 text="開啟開發者選項" />
		<SID_HELP1_TEXT1_25 text="進入設置關於設備" />
		<SID_HELP1_TEXT2_25 text="點擊系統版本號（內部版本號）7次 開啟開發者選項" />
		<SID_NEXT_STEP_25 text="下一步" />
		<SID_HELP2_TITLE_25 text="開啟USB調試" />
		<SID_HELP2_TEXT1_25 text="進入開發者選項" />
		<SID_HELP2_TEXT2_25 text="開啟開發者選項 勾選USB調試並確定" />
		<SID_PRE_STEP_25 text="上一步" />
		<SID_HELP3_TITLE_25 text="在手機上操作" />
		<SID_HELP3_TEXT1_25 text="首次連接時勾選始終允許該PC並確定" />
		<SID_CONNECTING_TEXT1_25 text="請保持手機連接，屏幕處於未鎖屏狀態！" />
		<SID_CONNECTING_TEXT2_25 text="請注意手機，如有提示按提示操作。" />
		<SID_CONN_ERR_TITLE_25 text="未能連接成功" />
		<SID_CONN_ERR_PLEASE_RETRY_25 text="請嘗試" />
		<SID_CONN_ERR_TIP1_25 text="1.更換USB線纜或車機USB接口" />
		<SID_CONN_ERR_TIP2_25 text="2.重新插拔USB線或重啟手機" />
		<SID_CONN_ERR_TIP3_25 text="3.查看《億連手機兼容列表》" />
		<SID_CONN_ERR_VIEW_HELP_25 text="查看幫助" />
		<SID_EXIT_TITLE_25 text="提示" />
			<SID_PERSONAL_ERROR_REG text="激活失敗,%s" />
		<SID_PERSONAL_ERROR_PHONE_NUM text="請輸入有效的手機號" />
		<SID_PERSONAL_REG_NUM_SEND_SUCCESS text="激活碼成功發送至手機，請注意查收。" />
		<SID_PERSONAL_ERROR_REG_NUM text="請輸入有效的6位激活碼" />
		<SID_PERSONAL_REG_SUCCESS text="註冊成功。" />
		<SID_SELECT_CONNECT_TYPE text="請選擇連接方式" />
		<SID_ANDROID_USB text="安卓USB" />
		
		<SID_IOS_CONNECT_HOTSPOT text="1.連接熱點" />
		<SID_IOS_OPEN_MOB_AIRPLAY text="2.開啟手機AirPlay" />
		<SID_IOS_STEP1_TEXT text="請進入手機設置=>個人熱點=>開啟個人熱點" />
		<SID_IOS_STEP1_ERROR text="配對失敗或者未發現iphone手機，請拔插iphone手機重試" />
		<SID_IOS_STEP2_TEXT text="請從手機屏幕上滑開啟控制欄=>點選AirPlay=>選擇EC-Mirror=>開啟鏡像" />
		<SID_IOS_COVER1_TITLE text="手機掃碼下載客戶端" />
		<SID_IOS_COVER1_TIP text="已經安裝不再提示" />
		<SID_IOS_COVER2_TITLE text="手機客戶端未運行" />
		<SID_IOS_COVER2_TIP text="請掃碼下載並開啟" />
		<SID_IOS_ACTIVE_TIP text="請用安卓手機來啟動車載億連（現時暫不支持蘋果手機啟動）。" />
		<SID_IOS_UNSURPORT_MOV text="不支持該檔案格式" />
		<SID_IOS_MESSAGEBOX_OK text="確認" />
		
		<SID_UPDATE_NEW_VERSION text="最新版本:" />
		<SID_UPDATE_CHANGELOG text="更新說明:" />
		<SID_UPDATE_BTN_INSTALL text="安裝" />
		<SID_UPDATE_TITLE text="億連有新版本" />
		<SID_UPDATE_FAIL_TIP text="安裝失敗,請檢查網絡並重試" />
		<SID_UPDATE_OK_TIP text="安裝完成,請手動重啓軟件" />
		<SID_UPDATE_WAITING_TIP text="安裝中,請等待…" />
		<SID_UPDATE_BTN_UPDATE text="更新" />
		<SID_UPDATE_ERROR_TIP text="更新失敗，請重試" />
		<SID_SD_PATH text="SD卡路徑:" />
		<SID_UPDATE_DOWNLOAD_TIP text="手機端將在數據流量或WIFI網絡環境下更新安裝包" />
</root>