<?xml version="1.0" encoding="utf-8"?>
<root>
		<SID_WELCOME_TEXT  text="Spaßhaftes Netzwerk und viele Vergnüge"/>		
		<SID_BTN_RETRY text="Wiederholen"/>		
		<SID_BTN_EXIT text="Beenden"/>	
		<SID_MAIN_TITLE text="Es wird angeschlossen"/>		
		<SID_STEP1_TITLE text="1.Anschluss zum Mobilfon"/>		
		<SID_STEP2_TITLE text="2.Die Installation des Mobilfonnetzwerks" />		
		<SID_BTN_BACKDELETE text="Zurücklöschen"/>	
		<SID_BTN_COMPLETE text="Vervollständigt"/>	
		<SID_APPLY_EASYCONN text="Easy Connected"/>
		<SID_APPLY_TITLE text="Softwaraktivierung" />		
		<SID_APPLY_HARDWAREID_FORMAT text="Hardware-ID:%s"  />		
		<SID_APPLY_INTERNET_FORMAT text="Netzwerkverbindung:i.O." />
		<SID_APPLY_SUPLIER_FORMAT text="Kanal:%s"  />
		<SID_APPLY_LEFT_COUNT_FORMAT text="Anzahl der noch übrig gebliebenen Authentisierungslizenzen:%d"  />
		<SID_APPLY_APPLY text="Aktivieren"/>		
		<SID_APPLY_CANCEL text="Stornieren" />
		<SID_REGISTER_PHONENO text="Mobilfonnummer:" />
		<SID_REGISTER_GET_VERIFYCODE text="Das Erhalten des Aktivierungscodes" />
		<SID_REGISTER_VERIFYCODE text="Aktivierungscode:"  />
		<SID_ABOUT_TITLE text="Über Easy Connected" />
		<SID_ABOUT_TITLE_EX text="In Bezug auf Handy-Internet" />
		<SID_ABOUT_TEXT1 text="　　Die Software gilt für designierten OEM-Autoterminal, wenn irgendwelche Probleme in der Software auf anderen Terminalsystemen auftreten, übernimmt das Unternehmen keine Verantwortung."/>
		<SID_ABOUT_TEXT2 text="　　Die Software ist nicht beim Fahren gleichzeitig zu betreiben, um die Gefahr auszuweichen. Ansonsten haftet der Benutzer selber für Verkehrsunfälle oder andere Ereignisse, und das Unternehmen übernimmt keinerlei Verantwortung."/>
		<SID_ABOUT_TEXT3 text="　　Das Urheberrecht in der Software und die entsprechenden Inhalte werden nach dem Urheberrechtsgesetz von Volksrepublik China beschützt."/>
		<SID_ABOUT_RETURN text="Rückgabe"  />
		<SID_USER_PROTOCOL text="Nutzervereinbarung" />
		<SID_CHECK_NO_DEVICES_TIP text="Verbinden Sie das USB-Kabel> Geben Sie in die Mobilfoneinstellungen> Öffnen Sie Optionen ü entwickler > Schalten Sie die USB-Debugging ein> Lassen Sie USB-Debugging erfolgen"  />
		<SID_CHECK_NO_DEVICES  text="Verbinden Sie das USB-Kabel> Geben Sie in die Mobilfoneinstellungen> Öffnen Sie Optionen ü entwickler > Schalten Sie die USB-Debugging ein> Lassen Sie USB-Debugging erfolgen" />
		<SID_CHECK_OFFLINE text="Stecken Sie das Telefon bitte erneut" />
		<SID_CHECK_UNAUTHORIZED text="Lassen Sie das USB-Debugging erfolgen"  />
		<SID_PERMIT_INSTALL_SERVICES_TIP text="Die Installation des Mobilfonnetzwerks sollte zuerst von Ihnen erlaubt werden"  />
		<SID_WELCOME_TITLE text="手机互联"  />
		<SID_PHONE_MUST_STEPS text="手机互联必要条件:"  />
		<SID_PHONE_CHECKING text="1.检测手机"  />
		<SID_PHONE_AUTHING text="2.授权验证"  />
		<SID_PHONE_INIT text="3.程序初始化"  />
		<SID_PHONE_CHECKING_EX text="检测手机中..."  />
		<SID_PHONE_AUTHING_EX text="授权验证中... "/>
		<SID_PHONE_INIT_EX text="程序初始化..." />
		<ERROR_EC_UNKNOWN text="Die Initialisierung ist fehlgeschlagen. Versuchen Sie es erneut"  />
		<ERROR_INSTALL_ECSVR_APK_ERROR text="Die Installation des Mobilfonnetzwerks wird fehlgeschlagen, bitte probieren Sie nochmals" />
		<ERROR_INSTALL_EASYCONNRV_ERROR text="Die Installation des Zusammenspiels zwischen 2 Bildschirmen wird fehlgeschlagen, bitte probieren Sie nochmals"  />
		<ERROR_GET_SDK_VERSION_FRAILED text="Das Erhalten der Mobilfonversion ist gescheitert, bitte probieren Sie nochmals"  />
		<ERROR_NET_ERROR text="Das Netzwerk ist nicht in Ordnung. Stellen Sie sicher, dass Ihr Telefon mit dem Internet verbinden kann und versuchen Sie es erneut."  />
		<ERROR_NET_ERROR_NODEVICE text="Das Telefon ist abgezogen, lassen Sie das Telefon wieder anschließen und versuchen Sie es erneut" />
		<ERROR_GET_DEVID text="Das Erhalten der Hardware-ID ist fehlgeschlagen. Wenden Sie sich an Ihren Händler."  />
		<ERROR_NOTVALID_HARDWARDID text="Ungültige Hardware-ID. Wenden Sie sich an Ihren Händler."  />
		<ERROR_NOTVALID_PHONEIMEI text="Ungültige Mobilfon-IMEI"  />
		<ERROR_NOT_KEEPONRECORD_IMEI text="Das Mobilfon wird nicht archiviert. Bitte verwenden Sie das archivierte Mobilfon zur Aktivierung"  />
		<ERROR_NOTVALID_PHONE_NUM_OR_VCODE  text="Die Mobilfonnummer oder der Bestätigungscode sind falsch" />
		<ERROR_DOWNLOAD_LISNECE text="Das Herunterladen der Lizenz ist fehlgeschlagen. Stellen Sie sicher, dass Ihr Telefon mit dem Internet verbinden kann und versuchen Sie es erneut." />
		<ERROR_TIME_LIMIT text="Das Softwarepaket ist abgelaufen! Bitte wenden Sie sich an Ihren Händler!"  />		
		<ERROR_UNABLE_SAVE_LISENCE_FILE text="Die Speicherung des Zertifikats ist fehlgeschlagen." />	
		<ERROR_GET_VERIFYCODE text="Das Erhalten des Aktivierungscodes ist fehlgeschlagen." />
		<ERROR_INSTALL_ECSVR_APK_ERROR_25 text="0x04" />
		<ERROR_INSTALL_EASYCONNRV_ERROR_25 text="0x64" />
		<ERROR_GET_SDK_VERSION_FRAILED_25 text="0x03" />
		<ERROR_NO_DEVICE_25 text="0x11" />
		<ERROR_DEVICE_UNAUTHORIZED_25 text="0x14" />
		<ERROR_DEVICE_OFFLINE_25 text="0x12" />
		<SID_CONN_ERR_ERROCODE_TIP_25 text="参考代码" />
		<SID_WELCOME_CONN_PHONE_25 text="连接您的手机" />
		<SID_WELCOME_START_USB_DEBUG_25 text="开启手机USB调试" />
		<SID_WELCOME_CONN_USB_25 text="连接USB线缆" />
		<SID_WELCOME_CONN_BLUETOOTH_25 text="连接蓝牙后可将手机声音传至车机" />
		<SID_WELCOME_CHECK_PHONE_25 text="检测安卓手机" />
		<SID_HELP1_TITLE_25 text="开启开发者选项" />
		<SID_HELP1_TEXT1_25 text="进入设置关于设备" />
		<SID_HELP1_TEXT2_25 text="点击系统版本号（内部版本号）7次开启开发者选项" />
		<SID_NEXT_STEP_25 text="下一步" />
		<SID_HELP2_TITLE_25 text="开启USB调试" />
		<SID_HELP2_TEXT1_25 text="进入开发者选项" />
		<SID_HELP2_TEXT2_25 text="开启开发者选项 勾选USB调试并确定" />
		<SID_PRE_STEP_25 text="上一步" />
		<SID_HELP3_TITLE_25 text="在手机上操作" />
		<SID_HELP3_TEXT1_25 text="首次连接时勾选始终允许该PC并确定" />
		<SID_CONNECTING_TEXT1_25 text="请保持手机连接，屏幕处于未锁屏状态" />
		<SID_CONNECTING_TEXT2_25 text="请注意手机，如有提示按提示操作" />
		<SID_CONN_ERR_TITLE_25 text="未能连接成功" />
		<SID_CONN_ERR_PLEASE_RETRY_25 text="请尝试" />
		<SID_CONN_ERR_TIP1_25 text="1.更换USB线缆和车机USB接口" />
		<SID_CONN_ERR_TIP2_25 text="2.重新拔插USB线或重启手机" />
		<SID_CONN_ERR_TIP3_25 text="3.查看《亿连手机兼容列表》" />
		<SID_CONN_ERR_VIEW_HELP_25 text="查看帮助" />
		<SID_EXIT_TITLE_25 text="提示" />
		<SID_PERSONAL_ERROR_REG text="Aktivierungsfehler %s" />
		<SID_PERSONAL_ERROR_PHONE_NUM text="Geben Sie eine gültige Telefonnummer ein" />
		<SID_PERSONAL_REG_NUM_SEND_SUCCESS text="Finden Sie den an Ihr Telefon gesendeten Aktivierungscode." />
		<SID_PERSONAL_ERROR_REG_NUM text="Geben Sie einen gültigen 6-stelligen Aktivierungscode ein" />
		<SID_PERSONAL_REG_SUCCESS text="Registrierungserfolg" />
		
		<SID_SELECT_CONNECT_TYPE text="Bitte wählen sie die Verbindung" />
		<SID_ANDROID_USB text="Android USB" />
		
		<SID_IOS_CONNECT_HOTSPOT text="1.Verbinden Sie zum Hotspot" />
		<SID_IOS_OPEN_MOB_AIRPLAY text="2.Schalten Sie AirPlay am Telefon ein" />
		<SID_IOS_STEP1_TEXT text="Bleiben Sie in der gleichen Hotspot verbunden" />
		<SID_IOS_STEP1_ERROR text="Verbingdung Fehler oder iPhone Handy nicht finden, versucht erneut." />
		<SID_IOS_STEP2_TEXT text="Bitte schieben Sie am Mobilfonbildschirm nach oben, um die Steuerleiste zu eröffnen> Tippen Sie AirPlay> Wählen Sie den EC-Spiegel aus> Spiegel eröffnen" />
		<SID_IOS_COVER1_TITLE text="Zu lesen QR code mit herunterladung im Client" />
		<SID_IOS_COVER1_TIP text="Keine Aufforderung mit der Installierung" />
		<SID_IOS_COVER2_TITLE text="keine Ausführung des Handy-Client" />
		<SID_IOS_COVER2_TIP text="Lesung QR code für herunterladung und Öff Client" />
		<SID_IOS_ACTIVE_TIP text="Mit Android-Handy start das Auto Easy Connected (jetzt benutzt nicht Apple-Handy)." />
		<SID_IOS_UNSURPORT_MOV text="Nicht dafür Dateformat" />
		<SID_IOS_MESSAGEBOX_OK text="bestätigen" />
		
		<SID_UPDATE_NEW_VERSION text="Letzte Version:" />
		<SID_UPDATE_CHANGELOG text="Aktualisierte Beschreibung:" />
		<SID_UPDATE_BTN_INSTALL text="Installieren" />
		<SID_UPDATE_TITLE text="Neue Easyconnected" />
		<SID_UPDATE_FAIL_TIP text="Install Fehler, prüft Netz und test Neue" />
		<SID_UPDATE_OK_TIP text="Install fertig, start APP manuell" />
		<SID_UPDATE_WAITING_TIP text="Install, bitte wart..." />
		<SID_UPDATE_BTN_UPDATE text="Update" />
		<SID_UPDATE_ERROR_TIP text="Update fehlgeschlagen, bitte versuchen Sie es erneut" />
		<SID_SD_PATH text="SD-Karten-Pfad:" />
		<SID_UPDATE_DOWNLOAD_TIP text="Mobile-Client-Installationspaket wird in den Datenverkehr oder WIFI Netzwerkumgebung aktualisiert werden" />
</root>