﻿<?xml version="1.0" encoding="utf-8"?>
<Window size="800,480" caption="0,0,0,90">
	<VerticalLayout bkimage="480px/BG.png">
		<HorizontalLayout height="45" inset="24,0,24,0" bkimage="480px/topbar_BG.png">
			<Control bkimage="480px/icon_45.png" width="45" height="45"/>
			<Control />
			<Button name="btnBack" height="45" width="45" normalimage="480px/home_back.png" pushedimage="480px/home_back_press.png"/>
		</HorizontalLayout>
		<HorizontalLayout>
			<Control />
			<VerticalLayout width="755">
				<Control />
				<VerticalLayout height="404" bkimage="480px/about_BG.png">
					<Label text="О программе" height="58" font="1" align="center" textcolor="#FFFFFFFF"/>
					<Control />
					<HorizontalLayout height="168">
						<Control />
						<Control width="168" bkimage="480px/icon_168.png"/>
						<Control />
					</HorizontalLayout>
					<Control height="10"/>
					<Label name="lbVersion" text="CE.30.0.30" align="center" height="35" textcolor="#FFCCCCCC" font="0"/>
					<Control />
					<HorizontalLayout height="40">
						<Control />
						<Button name="btnUsrProtocol" text="Предупреждение" width="200" align="center" textcolor="FFBBBBBB" font="3"/>
						<Control />
					</HorizontalLayout>
					<Label name="lbSn" text="a" align="center" height="0" width="0" textcolor="#00000000" font="2"/>
					<Control height="30"/>
					<!--Label text="Copyright © 2012-2015 CARBIT.All Rights Reserved." align="center" height="30" textcolor="#FF4A7F9B" font="2" bordersize="0" bordercolor="#FF025685"/-->
					<Control />
				</VerticalLayout>
				<Control />
			</VerticalLayout>
			<Control />
		</HorizontalLayout>
	</VerticalLayout>

</Window>