﻿<?xml version="1.0" encoding="utf-8"?>
<Window size="800,600" caption="0,0,0,90">
		<Font name="文泉驿微米黑" size="26" /><!--Button-->
		<Font name="文泉驿微米黑" size="30" /><!--Button-->
		<Font name="文泉驿微米黑" size="20" /><!--Button-->
		<Font name="文泉驿微米黑" size="24" underline="true"/>
		<Font name="文泉驿微米黑" size="18" /><!--Button-->
		<Font name="文泉驿微米黑" size="22" /><!--Button-->
	<VerticalLayout bkimage="480px/BG.png">
		<HorizontalLayout height="52" inset="24,0,24,0" bkimage="480px/topbar_BG.png">
			<Control bkimage="480px/icon_36.png" width="36" height="36" padding="0,8,0,8"/>
			<Control />
			<Button name="btnBack" height="52" width="52" normalimage="480px/home_back.png" pushedimage="480px/home_back_press.png"/>
		</HorizontalLayout>
		<HorizontalLayout>
			<Control />
			<VerticalLayout width="755">
				<Control />
				<VerticalLayout height="404" bkimage="480px/about_BG.png">
					<Label text="About" height="58" font="1" align="center" textcolor="#FFFFFFFF"/>
					<Control />
					<HorizontalLayout height="168">
						<Control />
						<Control width="168" bkimage="480px/icon_168.png"/>
						<Control />
					</HorizontalLayout>
					<Control height="10"/>
					<Label name="lbVersion" text="CE.30.0.30"    align="center" height="35" textcolor="#FF4A7F9B" font="0"/>
					<Control />
					<HorizontalLayout height="40">
						<Control />
						<Button name="btnUsrProtocol" text="statement" width="200" align="center" textcolor="FF0078AA" font="3"/>
						<Control />
					</HorizontalLayout>
					<Label name="lbSn" text="CARBIT_TEST000001" align="center" height="30" textcolor="#FF4A7F9B" font="2"/>
					<Control height="30"/>
					<Control />
				</VerticalLayout>
				<Control />
			</VerticalLayout>
			<Control />
		</HorizontalLayout>
	</VerticalLayout>

</Window>