﻿<?xml version="1.0" encoding="utf-8"?>
<Window sizet="800,480">
	<VerticalLayout bkimage="480px/BG.png">
		<HorizontalLayout height="52" inset="24,0,24,0" bkimage="480px/topbar_BG.png">
				<Control bkimage="480px/icon_36.png" width="36" height="36" padding="0,8,0,8"/>
				<Label name="lbTitle" textcolor="#FFFFFF" font="8"/>
				<Button name="btnBack" height="52" width="52" normalimage="480px/home_back.png" pushedimage="480px/home_back_press.png"/>
		</HorizontalLayout>
		<HorizontalLayout>
			<Control />
			<VerticalLayout width="755">
				<Control />
				<VerticalLayout height="404" bkimage="480px/sele_path_BG.png" inset="50,0,50,0">
					<Label text="声明" height="58" font="1" align="center" textcolor="#FFFFFFFF"/>
					<Control height="50"/>
					<Text name="strAboutText1" textpadding="0,2,2,0" font="2" textcolor="#FF4A7F9B" />
					<Text name="strAboutText2" textpadding="0,2,2,0" padding="0,10,0,0" font="2" textcolor="#FF4A7F9B" />
					<Text name="strAboutText3" textpadding="0,2,2,0" padding="0,10,0,0" font="2" textcolor="#FF4A7F9B" />
					<Text name="strAboutText4" textpadding="0,2,2,0" padding="0,10,0,0" font="2" textcolor="#FF4A7F9B" />
				</VerticalLayout>
				<Control />
			</VerticalLayout>
			<Control />
		</HorizontalLayout>
	</VerticalLayout>
</Window>